wikidata,cod_istat,id_unesco,nom,entite_administrative,lon,lat,cod_istat_wikidata_entite,source,url_source,date_extraction,millesime
http://www.wikidata.org/entity/Q84090,058091,91-002a,basilica di San Giovanni in Laterano,Roma,12.506155555,41.885905555,058091,Wikidata (P757 identifiant Patrimoine mondial UNESCO) - source non officielle,https://query.wikidata.org/,2026-09-28,2026-09-28
http://www.wikidata.org/entity/Q156011,,1133,Antiche faggete primordiali dei Carpazi e di altre regioni d'Europa,voivodato della Precarpazia,15.0,49.0,,Wikidata (P757 identifiant Patrimoine mondial UNESCO) - source non officielle,https://query.wikidata.org/,2026-09-28,2026-09-28
http://www.wikidata.org/entity/Q156011,,1133ter,Antiche faggete primordiali dei Carpazi e di altre regioni d'Europa,voivodato della Precarpazia,15.0,49.0,,Wikidata (P757 identifiant Patrimoine mondial UNESCO) - source non officielle,https://query.wikidata.org/,2026-09-28,2026-09-28
http://www.wikidata.org/entity/Q156011,,1133quater,Antiche faggete primordiali dei Carpazi e di altre regioni d'Europa,voivodato della Precarpazia,15.0,49.0,,Wikidata (P757 identifiant Patrimoine mondial UNESCO) - source non officielle,https://query.wikidata.org/,2026-09-28,2026-09-28
http://www.wikidata.org/entity/Q156011,,1133bis,Antiche faggete primordiali dei Carpazi e di altre regioni d'Europa,voivodato della Precarpazia,15.0,49.0,,Wikidata (P757 identifiant Patrimoine mondial UNESCO) - source non officielle,https://query.wikidata.org/,2026-09-28,2026-09-28
http://www.wikidata.org/entity/Q178813,063064,829-003,scavi archeologici di Ercolano,Ercolano,14.3475,40.806111,063064,Wikidata (P757 identifiant Patrimoine mondial UNESCO) - source non officielle,https://query.wikidata.org/,2026-09-28,2026-09-28
http://www.wikidata.org/entity/Q179883,083041,908,isole Eolie,provincia di Messina,14.935833333,38.496666666,083,Wikidata (P757 identifiant Patrimoine mondial UNESCO) - source non officielle,https://query.wikidata.org/,2026-09-28,2026-09-28
http://www.wikidata.org/entity/Q186282,058091,91-003,basilica di Santa Maria Maggiore,Roma,12.498611111,41.8975,058091,Wikidata (P757 identifiant Patrimoine mondial UNESCO) - source non officielle,https://query.wikidata.org/,2026-09-28,2026-09-28
http://www.wikidata.org/entity/Q187599,046028,175-010,Palazzo mediceo di Seravezza,Seravezza,10.231994,43.993818,046028,Wikidata (P757 identifiant Patrimoine mondial UNESCO) - source non officielle,https://query.wikidata.org/,2026-09-28,2026-09-28
http://www.wikidata.org/entity/Q189417,058091,1708,via Appia,Roma,12.5325,41.841389,058091,Wikidata (P757 identifiant Patrimoine mondial UNESCO) - source non officielle,https://query.wikidata.org/,2026-09-28,2026-09-28
http://www.wikidata.org/entity/Q189417,058091,1708,via Appia,Brindisi,12.5325,41.841389,074001,Wikidata (P757 identifiant Patrimoine mondial UNESCO) - source non officielle,https://query.wikidata.org/,2026-09-28,2026-09-28
http://www.wikidata.org/entity/Q203241,025044,1237rev-002,Marmolada,provincia di Belluno,11.85,46.424444444,025,Wikidata (P757 identifiant Patrimoine mondial UNESCO) - source non officielle,https://query.wikidata.org/,2026-09-28,2026-09-28
http://www.wikidata.org/entity/Q206365,048015,175-004,Villa Medici,Fiesole,11.289117,43.805717,048015,Wikidata (P757 identifiant Patrimoine mondial UNESCO) - source non officielle,https://query.wikidata.org/,2026-09-28,2026-09-28
http://www.wikidata.org/entity/Q212214,065006,830,Costiera amalfitana,Campania,14.6,40.633333333,15,Wikidata (P757 identifiant Patrimoine mondial UNESCO) - source non officielle,https://query.wikidata.org/,2026-09-28,2026-09-28
http://www.wikidata.org/entity/Q215897,110001,398,Castel del Monte,Andria,16.2709346,41.0847535,110001,Wikidata (P757 identifiant Patrimoine mondial UNESCO) - source non officielle,https://query.wikidata.org/,2026-09-28,2026-09-28
http://www.wikidata.org/entity/Q217449,052037,1026,Val d'Orcia,provincia di Siena,11.55,43.066666666,052,Wikidata (P757 identifiant Patrimoine mondial UNESCO) - source non officielle,https://query.wikidata.org/,2026-09-28,2026-09-28
http://www.wikidata.org/entity/Q231699,058091,91-013,basilica di San Paolo fuori le mura,Roma Capitale,12.477222222,41.858611111,058091,Wikidata (P757 identifiant Patrimoine mondial UNESCO) - source non officielle,https://query.wikidata.org/,2026-09-28,2026-09-28
http://www.wikidata.org/entity/Q244952,015146,93,chiesa di Santa Maria delle Grazie,Milano,9.171111111,45.465833333,015146,Wikidata (P757 identifiant Patrimoine mondial UNESCO) - source non officielle,https://query.wikidata.org/,2026-09-28,2026-09-28
http://www.wikidata.org/entity/Q253241,117002,833,area archeologica di Su Nuraxi,Barumini,8.9998843,39.7028565,117002,Wikidata (P757 identifiant Patrimoine mondial UNESCO) - source non officielle,https://query.wikidata.org/,2026-09-28,2026-09-28
http://www.wikidata.org/entity/Q272777,058104,907,Villa Adriana,Tivoli,12.775278,41.941944,058104,Wikidata (P757 identifiant Patrimoine mondial UNESCO) - source non officielle,https://query.wikidata.org/,2026-09-28,2026-09-28
http://www.wikidata.org/entity/Q289427,039014,788-007,mausoleo di Teodorico,Ravenna,12.2091687,44.4250456,039014,Wikidata (P757 identifiant Patrimoine mondial UNESCO) - source non officielle,https://query.wikidata.org/,2026-09-28,2026-09-28
http://www.wikidata.org/entity/Q302975,030070,1533-003,fortezza di Palmanova,Palmanova,13.310256,45.904971,030070,Wikidata (P757 identifiant Patrimoine mondial UNESCO) - source non officielle,https://query.wikidata.org/,2026-09-28,2026-09-28
http://www.wikidata.org/entity/Q329967,065025,842,Paestum,Paestum,15.005569,40.422631,,Wikidata (P757 identifiant Patrimoine mondial UNESCO) - source non officielle,https://query.wikidata.org/,2026-09-28,2026-09-28
http://www.wikidata.org/entity/Q329967,065025,842,Paestum,Paestum,15.005555555,40.42,,Wikidata (P757 identifiant Patrimoine mondial UNESCO) - source non officielle,https://query.wikidata.org/,2026-09-28,2026-09-28
http://www.wikidata.org/entity/Q368346,048017,175-003,Villa medicea di Careggi,Firenze,11.250282,43.807917,048017,Wikidata (P757 identifiant Patrimoine mondial UNESCO) - source non officielle,https://query.wikidata.org/,2026-09-28,2026-09-28
http://www.wikidata.org/entity/Q370956,024116,712,Città di Vicenza e le ville palladiane del Veneto,Veneto,11.55,45.55,05,Wikidata (P757 identifiant Patrimoine mondial UNESCO) - source non officielle,https://query.wikidata.org/,2026-09-28,2026-09-28
http://www.wikidata.org/entity/Q370956,024116,712bis,Città di Vicenza e le ville palladiane del Veneto,Veneto,11.55,45.55,05,Wikidata (P757 identifiant Patrimoine mondial UNESCO) - source non officielle,https://query.wikidata.org/,2026-09-28,2026-09-28
http://www.wikidata.org/entity/Q384966,096004,1068-005,sacro monte di Oropa,Biella,7.981322,45.624614,096004,Wikidata (P757 identifiant Patrimoine mondial UNESCO) - source non officielle,https://query.wikidata.org/,2026-09-28,2026-09-28
http://www.wikidata.org/entity/Q387517,024001,712-012,Villa Saraceno,Agugliaro,11.56638889,45.3125,024001,Wikidata (P757 identifiant Patrimoine mondial UNESCO) - source non officielle,https://query.wikidata.org/,2026-09-28,2026-09-28
http://www.wikidata.org/entity/Q461272,001272,823,residenze sabaude in Piemonte,Piemonte,7.68583,45.0725,01,Wikidata (P757 identifiant Patrimoine mondial UNESCO) - source non officielle,https://query.wikidata.org/,2026-09-28,2026-09-28
http://www.wikidata.org/entity/Q461272,001272,823bis,residenze sabaude in Piemonte,Piemonte,7.68583,45.0725,01,Wikidata (P757 identifiant Patrimoine mondial UNESCO) - source non officielle,https://query.wikidata.org/,2026-09-28,2026-09-28
http://www.wikidata.org/entity/Q468405,058091,91-002,Laterano,Monti,12.50583333,41.88583333,,Wikidata (P757 identifiant Patrimoine mondial UNESCO) - source non officielle,https://query.wikidata.org/,2026-09-28,2026-09-28
http://www.wikidata.org/entity/Q478258,087011,1024-001,Caltagirone,città metropolitana di Catania,14.516666666,37.233333333,287,Wikidata (P757 identifiant Patrimoine mondial UNESCO) - source non officielle,https://query.wikidata.org/,2026-09-28,2026-09-28
http://www.wikidata.org/entity/Q478258,087011,1024-001,Caltagirone,città metropolitana di Catania,14.516666666,37.233333333,087,Wikidata (P757 identifiant Patrimoine mondial UNESCO) - source non officielle,https://query.wikidata.org/,2026-09-28,2026-09-28
http://www.wikidata.org/entity/Q478417,087025,1024-003,Militello in Val di Catania,città metropolitana di Catania,14.793333,37.274234,287,Wikidata (P757 identifiant Patrimoine mondial UNESCO) - source non officielle,https://query.wikidata.org/,2026-09-28,2026-09-28
http://www.wikidata.org/entity/Q478417,087025,1024-003,Militello in Val di Catania,città metropolitana di Catania,14.793333,37.274234,087,Wikidata (P757 identifiant Patrimoine mondial UNESCO) - source non officielle,https://query.wikidata.org/,2026-09-28,2026-09-28
http://www.wikidata.org/entity/Q499242,087014,1427,parco dell'Etna,Sicilia,15.0,37.76527778,19,Wikidata (P757 identifiant Patrimoine mondial UNESCO) - source non officielle,https://query.wikidata.org/,2026-09-28,2026-09-28
http://www.wikidata.org/entity/Q499242,087014,1427,parco dell'Etna,provincia di Catania,15.0,37.76527778,087,Wikidata (P757 identifiant Patrimoine mondial UNESCO) - source non officielle,https://query.wikidata.org/,2026-09-28,2026-09-28
http://www.wikidata.org/entity/Q499242,087014,1427,parco dell'Etna,città metropolitana di Catania,15.0,37.76527778,287,Wikidata (P757 identifiant Patrimoine mondial UNESCO) - source non officielle,https://query.wikidata.org/,2026-09-28,2026-09-28
http://www.wikidata.org/entity/Q505574,024116,712-004,Villa Almerico Capra (La Rotonda),Vicenza,11.560268,45.531524,024116,Wikidata (P757 identifiant Patrimoine mondial UNESCO) - source non officielle,https://query.wikidata.org/,2026-09-28,2026-09-28
http://www.wikidata.org/entity/Q505617,086014,832,Villa del Casale,Piazza Armerina,14.334553,37.364723,086014,Wikidata (P757 identifiant Patrimoine mondial UNESCO) - source non officielle,https://query.wikidata.org/,2026-09-28,2026-09-28
http://www.wikidata.org/entity/Q514069,024052,712-010,Villa Pisani,Lonigo,11.37102222,45.35736667,024052,Wikidata (P757 identifiant Patrimoine mondial UNESCO) - source non officielle,https://query.wikidata.org/,2026-09-28,2026-09-28
http://www.wikidata.org/entity/Q523026,058091,91-001,centro storico di Roma,Roma,12.47,41.899,058091,Wikidata (P757 identifiant Patrimoine mondial UNESCO) - source non officielle,https://query.wikidata.org/,2026-09-28,2026-09-28
http://www.wikidata.org/entity/Q542944,063083,829-003,Villa di Poppea,Torre Annunziata,14.4525,40.75722222,063083,Wikidata (P757 identifiant Patrimoine mondial UNESCO) - source non officielle,https://query.wikidata.org/,2026-09-28,2026-09-28
http://www.wikidata.org/entity/Q598892,028060,824,Orto botanico di Padova,Padova,11.880682,45.39953,028060,Wikidata (P757 identifiant Patrimoine mondial UNESCO) - source non officielle,https://query.wikidata.org/,2026-09-28,2026-09-28
http://www.wikidata.org/entity/Q600062,039014,788-004,cappella Arcivescovile,Ravenna,12.197777777,44.415555555,039014,Wikidata (P757 identifiant Patrimoine mondial UNESCO) - source non officielle,https://query.wikidata.org/,2026-09-28,2026-09-28
http://www.wikidata.org/entity/Q636774,084001,831,Valle dei Templi,Agrigento,13.59,37.28972222,084001,Wikidata (P757 identifiant Patrimoine mondial UNESCO) - source non officielle,https://query.wikidata.org/,2026-09-28,2026-09-28
http://www.wikidata.org/entity/Q644288,039014,788-001,Mausoleo di Galla Placidia,Ravenna,12.197077,44.421021,039014,Wikidata (P757 identifiant Patrimoine mondial UNESCO) - source non officielle,https://query.wikidata.org/,2026-09-28,2026-09-28
http://www.wikidata.org/entity/Q656334,021001,1237rev-008,Rio delle Foglie,Aldino,11.434193,46.357828,021001,Wikidata (P757 identifiant Patrimoine mondial UNESCO) - source non officielle,https://query.wikidata.org/,2026-09-28,2026-09-28
http://www.wikidata.org/entity/Q660758,011022,826-003,Isola del Tino,Portovenere,9.850555555,44.027222222,011022,Wikidata (P757 identifiant Patrimoine mondial UNESCO) - source non officielle,https://query.wikidata.org/,2026-09-28,2026-09-28
http://www.wikidata.org/entity/Q721817,039014,788-002,basilica di San Vitale,Ravenna,12.196388888,44.420555555,039014,Wikidata (P757 identifiant Patrimoine mondial UNESCO) - source non officielle,https://query.wikidata.org/,2026-09-28,2026-09-28
http://www.wikidata.org/entity/Q726842,016051,730,Crespi d'Adda,Capriate San Gervasio,9.536111111,45.596666666,016051,Wikidata (P757 identifiant Patrimoine mondial UNESCO) - source non officielle,https://query.wikidata.org/,2026-09-28,2026-09-28
http://www.wikidata.org/entity/Q733389,100004,175-006,Villa medicea di Poggio a Caiano,Poggio a Caiano,11.055525,43.816448,100004,Wikidata (P757 identifiant Patrimoine mondial UNESCO) - source non officielle,https://query.wikidata.org/,2026-09-28,2026-09-28
http://www.wikidata.org/entity/Q738794,024018,712-006,Villa Caldogno,Caldogno,11.5069,45.61445,024018,Wikidata (P757 identifiant Patrimoine mondial UNESCO) - source non officielle,https://query.wikidata.org/,2026-09-28,2026-09-28
http://www.wikidata.org/entity/Q744552,039014,788-008,basilica di Sant'Apollinare in Classe,Ravenna,12.232365,44.380117,039014,Wikidata (P757 identifiant Patrimoine mondial UNESCO) - source non officielle,https://query.wikidata.org/,2026-09-28,2026-09-28
http://www.wikidata.org/entity/Q745359,082053,1487-002,chiesa di San Giovanni degli Eremiti,Palermo,13.354722222,38.109722222,082053,Wikidata (P757 identifiant Patrimoine mondial UNESCO) - source non officielle,https://query.wikidata.org/,2026-09-28,2026-09-28
http://www.wikidata.org/entity/Q746063,058104,1025,Villa d'Este,Tivoli,12.796111111,41.9625,058104,Wikidata (P757 identifiant Patrimoine mondial UNESCO) - source non officielle,https://query.wikidata.org/,2026-09-28,2026-09-28
http://www.wikidata.org/entity/Q750245,050026,395,piazza dei Miracoli,Pisa,10.394778,43.723428,050026,Wikidata (P757 identifiant Patrimoine mondial UNESCO) - source non officielle,https://query.wikidata.org/,2026-09-28,2026-09-28
http://www.wikidata.org/entity/Q752505,,826-004,Tinetto,Portovenere,9.851263888,44.023508333,011022,Wikidata (P757 identifiant Patrimoine mondial UNESCO) - source non officielle,https://query.wikidata.org/,2026-09-28,2026-09-28
http://www.wikidata.org/entity/Q753162,013252,1068,Sacri Monti del Piemonte e della Lombardia,Lombardia,9.169555555,45.974555555,03,Wikidata (P757 identifiant Patrimoine mondial UNESCO) - source non officielle,https://query.wikidata.org/,2026-09-28,2026-09-28
http://www.wikidata.org/entity/Q753162,013252,1068,Sacri Monti del Piemonte e della Lombardia,Piemonte,9.169555555,45.974555555,01,Wikidata (P757 identifiant Patrimoine mondial UNESCO) - source non officielle,https://query.wikidata.org/,2026-09-28,2026-09-28
http://www.wikidata.org/entity/Q757114,011022,826-002,Palmaria,Portovenere,9.843866666,44.042836111,011022,Wikidata (P757 identifiant Patrimoine mondial UNESCO) - source non officielle,https://query.wikidata.org/,2026-09-28,2026-09-28
http://www.wikidata.org/entity/Q832278,039014,788-005,basilica di Sant'Apollinare Nuovo,Ravenna,12.2046,44.416738,039014,Wikidata (P757 identifiant Patrimoine mondial UNESCO) - source non officielle,https://query.wikidata.org/,2026-09-28,2026-09-28
http://www.wikidata.org/entity/Q832957,063049,726bis,centro storico di Napoli,Napoli,14.26278,40.85139,063049,Wikidata (P757 identifiant Patrimoine mondial UNESCO) - source non officielle,https://query.wikidata.org/,2026-09-28,2026-09-28
http://www.wikidata.org/entity/Q832957,063049,726,centro storico di Napoli,Napoli,14.26278,40.85139,063049,Wikidata (P757 identifiant Patrimoine mondial UNESCO) - source non officielle,https://query.wikidata.org/,2026-09-28,2026-09-28
http://www.wikidata.org/entity/Q833267,100002,175-013,Villa medicea di Artimino,Carmignano,11.04429167,43.78185556,100002,Wikidata (P757 identifiant Patrimoine mondial UNESCO) - source non officielle,https://query.wikidata.org/,2026-09-28,2026-09-28
http://www.wikidata.org/entity/Q858823,072003,787-001,Casa d'Amore,Alberobello,17.2383,40.7845,072003,Wikidata (P757 identifiant Patrimoine mondial UNESCO) - source non officielle,https://query.wikidata.org/,2026-09-28,2026-09-28
http://www.wikidata.org/entity/Q859735,058029,1158-001,necropoli della Banditaccia,Cerveteri,12.099595,42.006,058029,Wikidata (P757 identifiant Patrimoine mondial UNESCO) - source non officielle,https://query.wikidata.org/,2026-09-28,2026-09-28
http://www.wikidata.org/entity/Q859735,058029,1158-001,necropoli della Banditaccia,Cerveteri,12.096765,41.999083,058029,Wikidata (P757 identifiant Patrimoine mondial UNESCO) - source non officielle,https://query.wikidata.org/,2026-09-28,2026-09-28
http://www.wikidata.org/entity/Q888825,048017,175-008,Giardino di Boboli,Firenze,11.24661,43.7618,048017,Wikidata (P757 identifiant Patrimoine mondial UNESCO) - source non officielle,https://query.wikidata.org/,2026-09-28,2026-09-28
http://www.wikidata.org/entity/Q909889,022120,1237rev-009,Dolomiti di Brenta,provincia autonoma di Trento,10.89844,46.17412,022,Wikidata (P757 identifiant Patrimoine mondial UNESCO) - source non officielle,https://query.wikidata.org/,2026-09-28,2026-09-28
http://www.wikidata.org/entity/Q909889,022247,1237rev-009,Dolomiti di Brenta,provincia autonoma di Trento,10.87111111,46.15722222,022,Wikidata (P757 identifiant Patrimoine mondial UNESCO) - source non officielle,https://query.wikidata.org/,2026-09-28,2026-09-28
http://www.wikidata.org/entity/Q931434,089019,1200-001,Pantalica,provincia di Siracusa,14.98333333,37.13333333,089,Wikidata (P757 identifiant Patrimoine mondial UNESCO) - source non officielle,https://query.wikidata.org/,2026-09-28,2026-09-28
http://www.wikidata.org/entity/Q931434,089019,1200-001,Pantalica,Ferla,14.98333333,37.13333333,089008,Wikidata (P757 identifiant Patrimoine mondial UNESCO) - source non officielle,https://query.wikidata.org/,2026-09-28,2026-09-28
http://www.wikidata.org/entity/Q945514,017050,94,incisioni rupestri della Val Camonica,provincia di Brescia,10.35,46.023888888,017,Wikidata (P757 identifiant Patrimoine mondial UNESCO) - source non officielle,https://query.wikidata.org/,2026-09-28,2026-09-28
http://www.wikidata.org/entity/Q958758,048017,175-007,Villa La Petraia,Firenze,11.235275,43.818977,048017,Wikidata (P757 identifiant Patrimoine mondial UNESCO) - source non officielle,https://query.wikidata.org/,2026-09-28,2026-09-28
http://www.wikidata.org/entity/Q1000054,082053,1487-006,La Zisa,Palermo,13.34106,38.116774,082053,Wikidata (P757 identifiant Patrimoine mondial UNESCO) - source non officielle,https://query.wikidata.org/,2026-09-28,2026-09-28
http://www.wikidata.org/entity/Q1071495,026039,712-018,Villa Barbaro,Maser,11.976389,45.811944,026039,Wikidata (P757 identifiant Patrimoine mondial UNESCO) - source non officielle,https://query.wikidata.org/,2026-09-28,2026-09-28
http://www.wikidata.org/entity/Q1110926,040001,1133ter-049,Riserva naturale Sasso Fratino,provincia di Forlì-Cesena,11.814,43.8493,040,Wikidata (P757 identifiant Patrimoine mondial UNESCO) - source non officielle,https://query.wikidata.org/,2026-09-28,2026-09-28
http://www.wikidata.org/entity/Q1139609,027023,712-021,Villa Foscari,Malcontenta,12.201667,45.436667,,Wikidata (P757 identifiant Patrimoine mondial UNESCO) - source non officielle,https://query.wikidata.org/,2026-09-28,2026-09-28
http://www.wikidata.org/entity/Q1164944,047017,175-012,Villa Medicea La Magia,Quarrata,10.9725,43.85166667,047017,Wikidata (P757 identifiant Patrimoine mondial UNESCO) - source non officielle,https://query.wikidata.org/,2026-09-28,2026-09-28
http://www.wikidata.org/entity/Q1224490,012133,1068-004,Sacro Monte di Varese,Varese,8.794576,45.854608,012133,Wikidata (P757 identifiant Patrimoine mondial UNESCO) - source non officielle,https://query.wikidata.org/,2026-09-28,2026-09-28
http://www.wikidata.org/entity/Q1233234,089017,1200-003,isola di Ortigia,Siracusa,15.2945,37.061,089017,Wikidata (P757 identifiant Patrimoine mondial UNESCO) - source non officielle,https://query.wikidata.org/,2026-09-28,2026-09-28
http://www.wikidata.org/entity/Q1241298,063058,829-002,Villa dei Misteri,Pompei,14.47744444,40.75369444,063058,Wikidata (P757 identifiant Patrimoine mondial UNESCO) - source non officielle,https://query.wikidata.org/,2026-09-28,2026-09-28
http://www.wikidata.org/entity/Q1256487,039014,788-003,battistero Neoniano,Ravenna,12.19736,44.41559,039014,Wikidata (P757 identifiant Patrimoine mondial UNESCO) - source non officielle,https://query.wikidata.org/,2026-09-28,2026-09-28
http://www.wikidata.org/entity/Q1258865,026089,712-019,Villa Emo,Vedelago,11.991222222,45.711722222,026089,Wikidata (P757 identifiant Patrimoine mondial UNESCO) - source non officielle,https://query.wikidata.org/,2026-09-28,2026-09-28
http://www.wikidata.org/entity/Q1262976,082053,1487-007,ponte dell'Ammiraglio,Palermo,13.375,38.105,082053,Wikidata (P757 identifiant Patrimoine mondial UNESCO) - source non officielle,https://query.wikidata.org/,2026-09-28,2026-09-28
http://www.wikidata.org/entity/Q1279458,052032,91bis-002 a,Complesso museale di Santa Maria della Scala,Siena,11.328891,43.316937,052032,Wikidata (P757 identifiant Patrimoine mondial UNESCO) - source non officielle,https://query.wikidata.org/,2026-09-28,2026-09-28
http://www.wikidata.org/entity/Q1303856,082049,1487-009,Duomo di Monreale,Monreale,13.292066666,38.081858333,082049,Wikidata (P757 identifiant Patrimoine mondial UNESCO) - source non officielle,https://query.wikidata.org/,2026-09-28,2026-09-28
http://www.wikidata.org/entity/Q1324513,072003,787-004,Trullo sovrano,Alberobello,17.235407,40.787357,072003,Wikidata (P757 identifiant Patrimoine mondial UNESCO) - source non officielle,https://query.wikidata.org/,2026-09-28,2026-09-28
http://www.wikidata.org/entity/Q1347586,063064,829-004,Villa dei Papiri,Ercolano,14.345555555,40.806666666,063064,Wikidata (P757 identifiant Patrimoine mondial UNESCO) - source non officielle,https://query.wikidata.org/,2026-09-28,2026-09-28
http://www.wikidata.org/entity/Q1354756,082027,1487-008,Duomo di Cefalù,Cefalù,14.02341,38.03984,082027,Wikidata (P757 identifiant Patrimoine mondial UNESCO) - source non officielle,https://query.wikidata.org/,2026-09-28,2026-09-28
http://www.wikidata.org/entity/Q1376633,048046,175-011,Villa Demidoff,Vaglia,11.3025,43.86,048046,Wikidata (P757 identifiant Patrimoine mondial UNESCO) - source non officielle,https://query.wikidata.org/,2026-09-28,2026-09-28
http://www.wikidata.org/entity/Q1448870,071033,1318-007,santuario di San Michele Arcangelo,Monte Sant'Angelo,15.954777777,41.707722222,071033,Wikidata (P757 identifiant Patrimoine mondial UNESCO) - source non officielle,https://query.wikidata.org/,2026-09-28,2026-09-28
http://www.wikidata.org/entity/Q1449217,039014,788-006,battistero degli Ariani,Ravenna,12.20239,44.418717,039014,Wikidata (P757 identifiant Patrimoine mondial UNESCO) - source non officielle,https://query.wikidata.org/,2026-09-28,2026-09-28
http://www.wikidata.org/entity/Q1455908,103033,1068-007,sacro monte di Ghiffa,Ghiffa,8.615,45.96361111,103033,Wikidata (P757 identifiant Patrimoine mondial UNESCO) - source non officielle,https://query.wikidata.org/,2026-09-28,2026-09-28
http://www.wikidata.org/entity/Q1472544,013252,1068-006,sacro monte della Beata Vergine del Soccorso,Tremezzina,9.178989,45.973843,013252,Wikidata (P757 identifiant Patrimoine mondial UNESCO) - source non officielle,https://query.wikidata.org/,2026-09-28,2026-09-28
http://www.wikidata.org/entity/Q1473122,058091,91-006,palazzo di Propaganda Fide,Roma,12.483305555,41.904166666,058091,Wikidata (P757 identifiant Patrimoine mondial UNESCO) - source non officielle,https://query.wikidata.org/,2026-09-28,2026-09-28
http://www.wikidata.org/entity/Q1478407,082053,1487-005,cattedrale di Palermo,Palermo,13.356111,38.114444,082053,Wikidata (P757 identifiant Patrimoine mondial UNESCO) - source non officielle,https://query.wikidata.org/,2026-09-28,2026-09-28
http://www.wikidata.org/entity/Q1581507,048017,175-014,Villa Medicea del Poggio Imperiale,Firenze,11.247767,43.748988,048017,Wikidata (P757 identifiant Patrimoine mondial UNESCO) - source non officielle,https://query.wikidata.org/,2026-09-28,2026-09-28
http://www.wikidata.org/entity/Q2031664,029024,712-017,Villa Badoer,Fratta Polesine,11.639861111,45.030352777,029024,Wikidata (P757 identifiant Patrimoine mondial UNESCO) - source non officielle,https://query.wikidata.org/,2026-09-28,2026-09-28
http://www.wikidata.org/entity/Q2031943,058091,91-005,Palazzo della Cancelleria,Roma,12.471521,41.896687,058091,Wikidata (P757 identifiant Patrimoine mondial UNESCO) - source non officielle,https://query.wikidata.org/,2026-09-28,2026-09-28
http://www.wikidata.org/entity/Q2052044,089017,1200,parco archeologico della Neapolis,Siracusa,15.27777778,37.075,089017,Wikidata (P757 identifiant Patrimoine mondial UNESCO) - source non officielle,https://query.wikidata.org/,2026-09-28,2026-09-28
http://www.wikidata.org/entity/Q2052044,089017,1200,parco archeologico della Neapolis,Siracusa,15.277494,37.07529,089017,Wikidata (P757 identifiant Patrimoine mondial UNESCO) - source non officielle,https://query.wikidata.org/,2026-09-28,2026-09-28
http://www.wikidata.org/entity/Q2066497,082053,1487-004,chiesa di San Cataldo,Palermo,13.3625,38.114722222,082053,Wikidata (P757 identifiant Patrimoine mondial UNESCO) - source non officielle,https://query.wikidata.org/,2026-09-28,2026-09-28
http://www.wikidata.org/entity/Q2084394,024053,712-009,Villa Godi,Lugo di Vicenza,11.534439,45.746141,024053,Wikidata (P757 identifiant Patrimoine mondial UNESCO) - source non officielle,https://query.wikidata.org/,2026-09-28,2026-09-28
http://www.wikidata.org/entity/Q2094778,048017,175-005,Villa medicea di Castello,Firenze,11.228167,43.819444,048017,Wikidata (P757 identifiant Patrimoine mondial UNESCO) - source non officielle,https://query.wikidata.org/,2026-09-28,2026-09-28
http://www.wikidata.org/entity/Q2115058,024083,712-013,Villa Thiene,Quinto Vicentino,11.6249847,45.5729814,024083,Wikidata (P757 identifiant Patrimoine mondial UNESCO) - source non officielle,https://query.wikidata.org/,2026-09-28,2026-09-28
http://www.wikidata.org/entity/Q2211082,002156,1068-001,sacro monte di Varallo,Varallo,8.25472222,45.81861111,002156,Wikidata (P757 identifiant Patrimoine mondial UNESCO) - source non officielle,https://query.wikidata.org/,2026-09-28,2026-09-28
http://www.wikidata.org/entity/Q2271780,024116,712-003,Villa Gazzotti,Vicenza,11.60055556,45.55916667,024116,Wikidata (P757 identifiant Patrimoine mondial UNESCO) - source non officielle,https://query.wikidata.org/,2026-09-28,2026-09-28
http://www.wikidata.org/entity/Q2271810,027007,712-020,Villa Zeno,Cessalto,12.64305556,45.70027778,026015,Wikidata (P757 identifiant Patrimoine mondial UNESCO) - source non officielle,https://query.wikidata.org/,2026-09-28,2026-09-28
http://www.wikidata.org/entity/Q2299393,023076,712-024,villa Serego,San Pietro in Cariano,10.925555555,45.499444444,023076,Wikidata (P757 identifiant Patrimoine mondial UNESCO) - source non officielle,https://query.wikidata.org/,2026-09-28,2026-09-28
http://www.wikidata.org/entity/Q2299483,024012,712-005,Villa Angarano,Bassano del Grappa,11.72361111,45.78055556,024012,Wikidata (P757 identifiant Patrimoine mondial UNESCO) - source non officielle,https://query.wikidata.org/,2026-09-28,2026-09-28
http://www.wikidata.org/entity/Q2506967,024053,712-025,Villa Piovene,Lugo di Vicenza,11.533216,45.747751,024053,Wikidata (P757 identifiant Patrimoine mondial UNESCO) - source non officielle,https://query.wikidata.org/,2026-09-28,2026-09-28
http://www.wikidata.org/entity/Q2546376,024098,712-014,Barchesse di Villa Trissino,Sarego,11.4131,45.4322,024098,Wikidata (P757 identifiant Patrimoine mondial UNESCO) - source non officielle,https://query.wikidata.org/,2026-09-28,2026-09-28
http://www.wikidata.org/entity/Q2546376,024098,712-014,Barchesse di Villa Trissino,Meledo,11.4131,45.4322,,Wikidata (P757 identifiant Patrimoine mondial UNESCO) - source non officielle,https://query.wikidata.org/,2026-09-28,2026-09-28
http://www.wikidata.org/entity/Q2564175,056050,1158-002,necropoli dei Monterozzi,Tarquinia,11.769861111,42.250444444,056050,Wikidata (P757 identifiant Patrimoine mondial UNESCO) - source non officielle,https://query.wikidata.org/,2026-09-28,2026-09-28
http://www.wikidata.org/entity/Q2564175,056050,1158-002,necropoli dei Monterozzi,Tarquinia,11.767854,42.25008,056050,Wikidata (P757 identifiant Patrimoine mondial UNESCO) - source non officielle,https://query.wikidata.org/,2026-09-28,2026-09-28
http://www.wikidata.org/entity/Q2598094,024062,712-008,Villa Forni Cerato,Montecchio Precalcino,11.56222222,45.65638889,024062,Wikidata (P757 identifiant Patrimoine mondial UNESCO) - source non officielle,https://query.wikidata.org/,2026-09-28,2026-09-28
http://www.wikidata.org/entity/Q2688899,024079,712-011,Villa Pojana,Pojana Maggiore,11.4980618,45.2853392,024079,Wikidata (P757 identifiant Patrimoine mondial UNESCO) - source non officielle,https://query.wikidata.org/,2026-09-28,2026-09-28
http://www.wikidata.org/entity/Q2698156,028064,712-023,Villa Cornaro,Piombino Dese,11.99939,45.60708,028064,Wikidata (P757 identifiant Patrimoine mondial UNESCO) - source non officielle,https://query.wikidata.org/,2026-09-28,2026-09-28
http://www.wikidata.org/entity/Q2705507,028056,712-022,Villa Pisani,Montagnana,11.46965,45.23053,028056,Wikidata (P757 identifiant Patrimoine mondial UNESCO) - source non officielle,https://query.wikidata.org/,2026-09-28,2026-09-28
http://www.wikidata.org/entity/Q2707802,048017,174,centro storico di Firenze,Firenze,11.25611111,43.77306,048017,Wikidata (P757 identifiant Patrimoine mondial UNESCO) - source non officielle,https://query.wikidata.org/,2026-09-28,2026-09-28
http://www.wikidata.org/entity/Q2721458,024013,712-015,Villa Valmarana,Lisiera,11.6103,45.5798,,Wikidata (P757 identifiant Patrimoine mondial UNESCO) - source non officielle,https://query.wikidata.org/,2026-09-28,2026-09-28
http://www.wikidata.org/entity/Q2722026,024047,712-007,Villa Chiericati,Vancimuglio,11.6439,45.5031,,Wikidata (P757 identifiant Patrimoine mondial UNESCO) - source non officielle,https://query.wikidata.org/,2026-09-28,2026-09-28
http://www.wikidata.org/entity/Q2722437,024116,712-002,Villa Trissino,Vicenza,11.54819,45.56635,024116,Wikidata (P757 identifiant Patrimoine mondial UNESCO) - source non officielle,https://query.wikidata.org/,2026-09-28,2026-09-28
http://www.wikidata.org/entity/Q2722506,024067,712-016,Villa Valmarana,Vigardolo,11.5844,45.6074,,Wikidata (P757 identifiant Patrimoine mondial UNESCO) - source non officielle,https://query.wikidata.org/,2026-09-28,2026-09-28
http://www.wikidata.org/entity/Q2945646,052021,789,Urbanistica di Pienza,Pienza,11.679,43.0766,052021,Wikidata (P757 identifiant Patrimoine mondial UNESCO) - source non officielle,https://query.wikidata.org/,2026-09-28,2026-09-28
http://www.wikidata.org/entity/Q2962401,,1276,ferrovia Retica nei paesaggi dell'Albula e del Bernina,canton Grigioni,10.0197,46.4089,,Wikidata (P757 identifiant Patrimoine mondial UNESCO) - source non officielle,https://query.wikidata.org/,2026-09-28,2026-09-28
http://www.wikidata.org/entity/Q2962401,,1276,ferrovia Retica nei paesaggi dell'Albula e del Bernina,provincia di Sondrio,10.0197,46.4089,014,Wikidata (P757 identifiant Patrimoine mondial UNESCO) - source non officielle,https://query.wikidata.org/,2026-09-28,2026-09-28
http://www.wikidata.org/entity/Q3290373,063049,726-003,Marechiaro,Napoli,14.1919,40.7949,063049,Wikidata (P757 identifiant Patrimoine mondial UNESCO) - source non officielle,https://query.wikidata.org/,2026-09-28,2026-09-28
http://www.wikidata.org/entity/Q3485435,012139,1090bis,Monte San Giorgio,Canton Ticino,8.914621,45.889252,,Wikidata (P757 identifiant Patrimoine mondial UNESCO) - source non officielle,https://query.wikidata.org/,2026-09-28,2026-09-28
http://www.wikidata.org/entity/Q3485435,012139,1090bis,Monte San Giorgio,provincia di Varese,8.914621,45.889252,012,Wikidata (P757 identifiant Patrimoine mondial UNESCO) - source non officielle,https://query.wikidata.org/,2026-09-28,2026-09-28
http://www.wikidata.org/entity/Q3485435,012139,1090,Monte San Giorgio,Canton Ticino,8.914621,45.889252,,Wikidata (P757 identifiant Patrimoine mondial UNESCO) - source non officielle,https://query.wikidata.org/,2026-09-28,2026-09-28
http://www.wikidata.org/entity/Q3485435,012139,1090,Monte San Giorgio,provincia di Varese,8.914621,45.889252,012,Wikidata (P757 identifiant Patrimoine mondial UNESCO) - source non officielle,https://query.wikidata.org/,2026-09-28,2026-09-28
http://www.wikidata.org/entity/Q3575761,030004,825,area archeologica e basilica patriarcale di Aquileia,Aquileia,13.3675,45.7683,030004,Wikidata (P757 identifiant Patrimoine mondial UNESCO) - source non officielle,https://query.wikidata.org/,2026-09-28,2026-09-28
http://www.wikidata.org/entity/Q3575761,030004,825ter,area archeologica e basilica patriarcale di Aquileia,Aquileia,13.3675,45.7683,030004,Wikidata (P757 identifiant Patrimoine mondial UNESCO) - source non officielle,https://query.wikidata.org/,2026-09-28,2026-09-28
http://www.wikidata.org/entity/Q3575761,030004,825bis,area archeologica e basilica patriarcale di Aquileia,Aquileia,13.3675,45.7683,030004,Wikidata (P757 identifiant Patrimoine mondial UNESCO) - source non officielle,https://query.wikidata.org/,2026-09-28,2026-09-28
http://www.wikidata.org/entity/Q3661719,063049,736,caserma di Cavalleria Borbonica,Napoli,14.2769,40.846168,063049,Wikidata (P757 identifiant Patrimoine mondial UNESCO) - source non officielle,https://query.wikidata.org/,2026-09-28,2026-09-28
http://www.wikidata.org/entity/Q3662629,004100,1390rev-002,castello di Grinzane Cavour,Grinzane Cavour,7.994892,44.653152,004100,Wikidata (P757 identifiant Patrimoine mondial UNESCO) - source non officielle,https://query.wikidata.org/,2026-09-28,2026-09-28
http://www.wikidata.org/entity/Q3664901,024116,712-001,centro storico di Vicenza,Vicenza,11.55,45.55,024116,Wikidata (P757 identifiant Patrimoine mondial UNESCO) - source non officielle,https://query.wikidata.org/,2026-09-28,2026-09-28
http://www.wikidata.org/entity/Q3678423,023091,797,centro storico di Verona,Verona,10.993888888,45.438611111,023091,Wikidata (P757 identifiant Patrimoine mondial UNESCO) - source non officielle,https://query.wikidata.org/,2026-09-28,2026-09-28
http://www.wikidata.org/entity/Q3685237,062008,1318-006,complesso monumentale di Santa Sofia,Benevento,14.78129167,41.13061389,062008,Wikidata (P757 identifiant Patrimoine mondial UNESCO) - source non officielle,https://query.wikidata.org/,2026-09-28,2026-09-28
http://www.wikidata.org/entity/Q3825559,028005,1363-109,Laghetto della Costa,Arquà Petrarca,11.7435,45.2695,028005,Wikidata (P757 identifiant Patrimoine mondial UNESCO) - source non officielle,https://query.wikidata.org/,2026-09-28,2026-09-28
http://www.wikidata.org/entity/Q3825847,023059,1363-107,lago del Frassino,Peschiera del Garda,10.667125,45.436708333,023059,Wikidata (P757 identifiant Patrimoine mondial UNESCO) - source non officielle,https://query.wikidata.org/,2026-09-28,2026-09-28
http://www.wikidata.org/entity/Q3860567,012044,1318-003,monastero di Torba,Gornate Olona,8.863403,45.729583,012080,Wikidata (P757 identifiant Patrimoine mondial UNESCO) - source non officielle,https://query.wikidata.org/,2026-09-28,2026-09-28
http://www.wikidata.org/entity/Q3860567,012044,1318-003,monastero di Torba,Gornate Olona,8.86334,45.7294,012080,Wikidata (P757 identifiant Patrimoine mondial UNESCO) - source non officielle,https://query.wikidata.org/,2026-09-28,2026-09-28
http://www.wikidata.org/entity/Q3861452,056048,1133ter-047,Monte Cimino,Lazio,12.2012234,42.4077999,12,Wikidata (P757 identifiant Patrimoine mondial UNESCO) - source non officielle,https://query.wikidata.org/,2026-09-28,2026-09-28
http://www.wikidata.org/entity/Q3867341,016024,1533-001,mura veneziane di Bergamo,Bergamo,9.672122,45.704145,016024,Wikidata (P757 identifiant Patrimoine mondial UNESCO) - source non officielle,https://query.wikidata.org/,2026-09-28,2026-09-28
http://www.wikidata.org/entity/Q3874164,112045,1730-007,necropoli di Su Crucifissu Mannu,Porto Torres,8.44417778,40.81029722,112045,Wikidata (P757 identifiant Patrimoine mondial UNESCO) - source non officielle,https://query.wikidata.org/,2026-09-28,2026-09-28
http://www.wikidata.org/entity/Q3895463,012044,1318-003,parco archeologico di Castelseprio,Castelseprio,8.859508,45.728727,012044,Wikidata (P757 identifiant Patrimoine mondial UNESCO) - source non officielle,https://query.wikidata.org/,2026-09-28,2026-09-28
http://www.wikidata.org/entity/Q3895463,012044,1318-003,parco archeologico di Castelseprio,Castelseprio,8.857886,45.72415,012044,Wikidata (P757 identifiant Patrimoine mondial UNESCO) - source non officielle,https://query.wikidata.org/,2026-09-28,2026-09-28
http://www.wikidata.org/entity/Q3895632,003008,1363-103,parco naturale dei Lagoni di Mercurago,provincia di Novara,8.552,45.735,003,Wikidata (P757 identifiant Patrimoine mondial UNESCO) - source non officielle,https://query.wikidata.org/,2026-09-28,2026-09-28
http://www.wikidata.org/entity/Q3909051,037006,1650,Portici di Bologna,Bologna,11.332777777,44.491388888,037006,Wikidata (P757 identifiant Patrimoine mondial UNESCO) - source non officielle,https://query.wikidata.org/,2026-09-28,2026-09-28
http://www.wikidata.org/entity/Q3936580,071033,1133ter-046,Riserva naturale Foresta Umbra,provincia di Foggia,16.011944444,41.820527777,071,Wikidata (P757 identifiant Patrimoine mondial UNESCO) - source non officielle,https://query.wikidata.org/,2026-09-28,2026-09-28
http://www.wikidata.org/entity/Q3983167,054005,1318-005,Tempietto del Clitunno,Campello sul Clitunno,12.756929,42.84224,054005,Wikidata (P757 identifiant Patrimoine mondial UNESCO) - source non officielle,https://query.wikidata.org/,2026-09-28,2026-09-28
http://www.wikidata.org/entity/Q5197044,058091,91-004a,Palazzo di San Callisto,Roma,12.4702,41.8893,058091,Wikidata (P757 identifiant Patrimoine mondial UNESCO) - source non officielle,https://query.wikidata.org/,2026-09-28,2026-09-28
http://www.wikidata.org/entity/Q7126276,,91-012,Palazzo del Sant'Uffizio,Roma,12.45608333,41.90102778,058091,Wikidata (P757 identifiant Patrimoine mondial UNESCO) - source non officielle,https://query.wikidata.org/,2026-09-28,2026-09-28
http://www.wikidata.org/entity/Q9724840,052028,550,centro storico di San Gimignano,San Gimignano,11.042804439,43.467057116,052028,Wikidata (P757 identifiant Patrimoine mondial UNESCO) - source non officielle,https://query.wikidata.org/,2026-09-28,2026-09-28
http://www.wikidata.org/entity/Q10293286,010025,1211,Strade Nuove e complesso dei Palazzi dei Rolli di Genova,Genova,8.931111111,44.412222222,010025,Wikidata (P757 identifiant Patrimoine mondial UNESCO) - source non officielle,https://query.wikidata.org/,2026-09-28,2026-09-28
http://www.wikidata.org/entity/Q10351991,,826,"Porto Venere, Cinque Terre e le isole Palmaria, Tino e Tinetto",provincia della Spezia,9.72916667,44.10694444,011,Wikidata (P757 identifiant Patrimoine mondial UNESCO) - source non officielle,https://query.wikidata.org/,2026-09-28,2026-09-28
http://www.wikidata.org/entity/Q11352141,027042,394,Venezia e la sua laguna,città metropolitana di Venezia,12.33894444,45.43430556,227,Wikidata (P757 identifiant Patrimoine mondial UNESCO) - source non officielle,https://query.wikidata.org/,2026-09-28,2026-09-28
http://www.wikidata.org/entity/Q11352141,027042,394,Venezia e la sua laguna,città metropolitana di Venezia,12.33894444,45.43430556,027,Wikidata (P757 identifiant Patrimoine mondial UNESCO) - source non officielle,https://query.wikidata.org/,2026-09-28,2026-09-28
http://www.wikidata.org/entity/Q11352141,027042,394,Venezia e la sua laguna,città metropolitana di Venezia,12.31666667,45.43333333,227,Wikidata (P757 identifiant Patrimoine mondial UNESCO) - source non officielle,https://query.wikidata.org/,2026-09-28,2026-09-28
http://www.wikidata.org/entity/Q11352141,027042,394,Venezia e la sua laguna,città metropolitana di Venezia,12.31666667,45.43333333,027,Wikidata (P757 identifiant Patrimoine mondial UNESCO) - source non officielle,https://query.wikidata.org/,2026-09-28,2026-09-28
http://www.wikidata.org/entity/Q15221022,036023,827,"Cattedrale, Torre Civica e Piazza Grande",Modena,10.92568,44.64624,036023,Wikidata (P757 identifiant Patrimoine mondial UNESCO) - source non officielle,https://query.wikidata.org/,2026-09-28,2026-09-28
http://www.wikidata.org/entity/Q15602246,058029,1158,necropoli etrusche di Cerveteri e Tarquinia,Tarquinia,12.10188889,42.00683333,056050,Wikidata (P757 identifiant Patrimoine mondial UNESCO) - source non officielle,https://query.wikidata.org/,2026-09-28,2026-09-28
http://www.wikidata.org/entity/Q15602246,058029,1158,necropoli etrusche di Cerveteri e Tarquinia,Cerveteri,12.10188889,42.00683333,058029,Wikidata (P757 identifiant Patrimoine mondial UNESCO) - source non officielle,https://query.wikidata.org/,2026-09-28,2026-09-28
http://www.wikidata.org/entity/Q15604441,089017,1200,Siracusa e la necropoli rocciosa di Pantalica,libero consorzio comunale di Siracusa,15.29306,37.05944,089,Wikidata (P757 identifiant Patrimoine mondial UNESCO) - source non officielle,https://query.wikidata.org/,2026-09-28,2026-09-28
http://www.wikidata.org/entity/Q15623665,020030,1287,Mantoue et Sabbioneta,Mantova,10.79444444,45.15944444,020030,Wikidata (P757 identifiant Patrimoine mondial UNESCO) - source non officielle,https://query.wikidata.org/,2026-09-28,2026-09-28
http://www.wikidata.org/entity/Q15623665,020030,1287,Mantoue et Sabbioneta,Sabbioneta,10.79444444,45.15944444,020054,Wikidata (P757 identifiant Patrimoine mondial UNESCO) - source non officielle,https://query.wikidata.org/,2026-09-28,2026-09-28
http://www.wikidata.org/entity/Q16031521,017092,1363-092,Lavagnone,Desenzano del Garda,10.537411944,45.436415,017067,Wikidata (P757 identifiant Patrimoine mondial UNESCO) - source non officielle,https://query.wikidata.org/,2026-09-28,2026-09-28
http://www.wikidata.org/entity/Q16574070,017145,1363-095,Lucone di Polpenazze,Polpenazze del Garda,10.4877,45.55076,017145,Wikidata (P757 identifiant Patrimoine mondial UNESCO) - source non officielle,https://query.wikidata.org/,2026-09-28,2026-09-28
http://www.wikidata.org/entity/Q16612568,063064,829-005,teatro romano di Ercolano,Ercolano,14.347611111,40.808333333,063064,Wikidata (P757 identifiant Patrimoine mondial UNESCO) - source non officielle,https://query.wikidata.org/,2026-09-28,2026-09-28
http://www.wikidata.org/entity/Q16735627,038008,733,Ferrare et son delta du Pô,provincia di Ferrara,11.61944444,44.83777778,038,Wikidata (P757 identifiant Patrimoine mondial UNESCO) - source non officielle,https://query.wikidata.org/,2026-09-28,2026-09-28
http://www.wikidata.org/entity/Q16735627,038008,733bis,Ferrare et son delta du Pô,provincia di Ferrara,11.61944444,44.83777778,038,Wikidata (P757 identifiant Patrimoine mondial UNESCO) - source non officielle,https://query.wikidata.org/,2026-09-28,2026-09-28
http://www.wikidata.org/entity/Q16886821,039014,788,monumenti paleocristiani di Ravenna,Ravenna,12.19625,44.42041667,039014,Wikidata (P757 identifiant Patrimoine mondial UNESCO) - source non officielle,https://query.wikidata.org/,2026-09-28,2026-09-28
http://www.wikidata.org/entity/Q16913064,072003,787,Trulli di Alberobello,Alberobello,17.23694,40.7825,072003,Wikidata (P757 identifiant Patrimoine mondial UNESCO) - source non officielle,https://query.wikidata.org/,2026-09-28,2026-09-28
http://www.wikidata.org/entity/Q16913154,054001,990,"Assise, la Basilique de San Francesco et autres sites franciscains",Assisi,12.62244444,43.06616667,054001,Wikidata (P757 identifiant Patrimoine mondial UNESCO) - source non officielle,https://query.wikidata.org/,2026-09-28,2026-09-28
http://www.wikidata.org/entity/Q16920958,063058,829,"aree archeologiche di Pompei, Ercolano e Torre Annunziata",provincia di Napoli,14.48333333,40.75,063,Wikidata (P757 identifiant Patrimoine mondial UNESCO) - source non officielle,https://query.wikidata.org/,2026-09-28,2026-09-28
http://www.wikidata.org/entity/Q16962666,061022,549rev,"Palazzo Reale di Caserta con il parco, acquedotto di Vanvitelli e complesso di San Leucio",provincia di Benevento,14.32639,41.07333,062,Wikidata (P757 identifiant Patrimoine mondial UNESCO) - source non officielle,https://query.wikidata.org/,2026-09-28,2026-09-28
http://www.wikidata.org/entity/Q16962666,061022,549rev,"Palazzo Reale di Caserta con il parco, acquedotto di Vanvitelli e complesso di San Leucio",provincia di Caserta,14.32639,41.07333,061,Wikidata (P757 identifiant Patrimoine mondial UNESCO) - source non officielle,https://query.wikidata.org/,2026-09-28,2026-09-28
http://www.wikidata.org/entity/Q17163308,041067,828,centro storico di Urbino,Urbino,12.63333,43.725,041067,Wikidata (P757 identifiant Patrimoine mondial UNESCO) - source non officielle,https://query.wikidata.org/,2026-09-28,2026-09-28
http://www.wikidata.org/entity/Q17163322,052032,717,centro storico di Siena,Siena,11.33166667,43.31861111,052032,Wikidata (P757 identifiant Patrimoine mondial UNESCO) - source non officielle,https://query.wikidata.org/,2026-09-28,2026-09-28
http://www.wikidata.org/entity/Q17296768,004100,1390,Paesaggio vitivinicolo del Piemonte: Langhe-Roero e Monferrato,provincia di Cuneo,7.994166666,44.651944444,004,Wikidata (P757 identifiant Patrimoine mondial UNESCO) - source non officielle,https://query.wikidata.org/,2026-09-28,2026-09-28
http://www.wikidata.org/entity/Q17296768,004100,1390,Paesaggio vitivinicolo del Piemonte: Langhe-Roero e Monferrato,provincia di Alessandria,7.994166666,44.651944444,006,Wikidata (P757 identifiant Patrimoine mondial UNESCO) - source non officielle,https://query.wikidata.org/,2026-09-28,2026-09-28
http://www.wikidata.org/entity/Q17296768,004100,1390,Paesaggio vitivinicolo del Piemonte: Langhe-Roero e Monferrato,provincia di Asti,7.994166666,44.651944444,005,Wikidata (P757 identifiant Patrimoine mondial UNESCO) - source non officielle,https://query.wikidata.org/,2026-09-28,2026-09-28
http://www.wikidata.org/entity/Q17633458,012014,1363-099,isolino Virginia,Biandronno,8.718061111,45.812013888,012014,Wikidata (P757 identifiant Patrimoine mondial UNESCO) - source non officielle,https://query.wikidata.org/,2026-09-28,2026-09-28
http://www.wikidata.org/entity/Q18222399,063058,829bis-001,scavi archeologici di Pompei,Pompei,14.49,40.7511,063058,Wikidata (P757 identifiant Patrimoine mondial UNESCO) - source non officielle,https://query.wikidata.org/,2026-09-28,2026-09-28
http://www.wikidata.org/entity/Q18222399,063058,829-001,scavi archeologici di Pompei,Pompei,14.49,40.7511,063058,Wikidata (P757 identifiant Patrimoine mondial UNESCO) - source non officielle,https://query.wikidata.org/,2026-09-28,2026-09-28
http://www.wikidata.org/entity/Q18448486,058091,91,"centro storico di Roma, le proprietà della Santa Sede in questa città che godono dell'extraterritorialità e San Paolo fuori le mura",Roma,12.4866,41.8928,058091,Wikidata (P757 identifiant Patrimoine mondial UNESCO) - source non officielle,https://query.wikidata.org/,2026-09-28,2026-09-28
http://www.wikidata.org/entity/Q18649472,087015,1024rev,città tardo barocche del Val di Noto,città metropolitana di Catania,15.086944444,37.502222222,287,Wikidata (P757 identifiant Patrimoine mondial UNESCO) - source non officielle,https://query.wikidata.org/,2026-09-28,2026-09-28
http://www.wikidata.org/entity/Q18649472,087015,1024rev,città tardo barocche del Val di Noto,città metropolitana di Catania,15.086944444,37.502222222,087,Wikidata (P757 identifiant Patrimoine mondial UNESCO) - source non officielle,https://query.wikidata.org/,2026-09-28,2026-09-28
http://www.wikidata.org/entity/Q18649472,087015,1024rev,città tardo barocche del Val di Noto,libero consorzio comunale di Siracusa,15.086944444,37.502222222,089,Wikidata (P757 identifiant Patrimoine mondial UNESCO) - source non officielle,https://query.wikidata.org/,2026-09-28,2026-09-28
http://www.wikidata.org/entity/Q18649472,087015,1024rev,città tardo barocche del Val di Noto,Libero consorzio comunale di Ragusa,15.086944444,37.502222222,088,Wikidata (P757 identifiant Patrimoine mondial UNESCO) - source non officielle,https://query.wikidata.org/,2026-09-28,2026-09-28
http://www.wikidata.org/entity/Q18649472,089013,1024rev,città tardo barocche del Val di Noto,città metropolitana di Catania,15.068916666,36.893194444,287,Wikidata (P757 identifiant Patrimoine mondial UNESCO) - source non officielle,https://query.wikidata.org/,2026-09-28,2026-09-28
http://www.wikidata.org/entity/Q18649472,089013,1024rev,città tardo barocche del Val di Noto,città metropolitana di Catania,15.068916666,36.893194444,087,Wikidata (P757 identifiant Patrimoine mondial UNESCO) - source non officielle,https://query.wikidata.org/,2026-09-28,2026-09-28
http://www.wikidata.org/entity/Q18649472,089013,1024rev,città tardo barocche del Val di Noto,libero consorzio comunale di Siracusa,15.068916666,36.893194444,089,Wikidata (P757 identifiant Patrimoine mondial UNESCO) - source non officielle,https://query.wikidata.org/,2026-09-28,2026-09-28
http://www.wikidata.org/entity/Q18649472,089013,1024rev,città tardo barocche del Val di Noto,Libero consorzio comunale di Ragusa,15.068916666,36.893194444,088,Wikidata (P757 identifiant Patrimoine mondial UNESCO) - source non officielle,https://query.wikidata.org/,2026-09-28,2026-09-28
http://www.wikidata.org/entity/Q18649472,087025,1024rev,città tardo barocche del Val di Noto,città metropolitana di Catania,14.791722222,37.275888888,287,Wikidata (P757 identifiant Patrimoine mondial UNESCO) - source non officielle,https://query.wikidata.org/,2026-09-28,2026-09-28
http://www.wikidata.org/entity/Q1868633,054051,1318-004,ex chiesa di San Salvatore,Spoleto,12.7434,42.7419,054051,Wikidata (P757 identifiant Patrimoine mondial UNESCO) - source non officielle,https://query.wikidata.org/,2026-09-28,2026-09-28
http://www.wikidata.org/entity/Q1945735,112037,1730-004,complesso archeologico di Monte Baranta,Olmedo,8.396644,40.631933,090048,Wikidata (P757 identifiant Patrimoine mondial UNESCO) - source non officielle,https://query.wikidata.org/,2026-09-28,2026-09-28
http://www.wikidata.org/entity/Q29583972,001014,1363-102,Sito palafitticolo del lago di Viverone,Azeglio,8.0229,45.4183,001014,Wikidata (P757 identifiant Patrimoine mondial UNESCO) - source non officielle,https://query.wikidata.org/,2026-09-28,2026-09-28
http://www.wikidata.org/entity/Q29583972,001014,1363-102,Sito palafitticolo del lago di Viverone,Viverone,8.0229,45.4183,096080,Wikidata (P757 identifiant Patrimoine mondial UNESCO) - source non officielle,https://query.wikidata.org/,2026-09-28,2026-09-28
http://www.wikidata.org/entity/Q35430996,066068,1133ter-040,Val Cervara - Foreste di faggi antiche e primarie,provincia dell'Aquila,13.75334,41.82583,066,Wikidata (P757 identifiant Patrimoine mondial UNESCO) - source non officielle,https://query.wikidata.org/,2026-09-28,2026-09-28
http://www.wikidata.org/entity/Q35430996,066068,1133ter-040,Val Cervara - Foreste di faggi antiche e primarie,Villavallelonga,13.75334,41.82583,066106,Wikidata (P757 identifiant Patrimoine mondial UNESCO) - source non officielle,https://query.wikidata.org/,2026-09-28,2026-09-28
http://www.wikidata.org/entity/Q35972933,037006,1650-002,portico di Santo Stefano,Bologna,11.3543082,44.4860795,037006,Wikidata (P757 identifiant Patrimoine mondial UNESCO) - source non officielle,https://query.wikidata.org/,2026-09-28,2026-09-28
http://www.wikidata.org/entity/Q35972957,037006,1650-009,portico di via Farini,Bologna,11.3442,44.4911,037006,Wikidata (P757 identifiant Patrimoine mondial UNESCO) - source non officielle,https://query.wikidata.org/,2026-09-28,2026-09-28
http://www.wikidata.org/entity/Q35972985,037006,1650-001,portico di via Santa Caterina,Bologna,11.3328,44.4914,037006,Wikidata (P757 identifiant Patrimoine mondial UNESCO) - source non officielle,https://query.wikidata.org/,2026-09-28,2026-09-28
http://www.wikidata.org/entity/Q35973050,037006,1650-005,portico del Pavaglione,Bologna,11.3345392,44.4915695,037006,Wikidata (P757 identifiant Patrimoine mondial UNESCO) - source non officielle,https://query.wikidata.org/,2026-09-28,2026-09-28
http://www.wikidata.org/entity/Q55369197,072003,787-003,"Museo del territorio ""Casa Pezzolla"" (o Museo della civiltà contadina di Alberobello)",Alberobello,17.238874,40.784027,072003,Wikidata (P757 identifiant Patrimoine mondial UNESCO) - source non officielle,https://query.wikidata.org/,2026-09-28,2026-09-28
http://www.wikidata.org/entity/Q55586076,017029,1318-002,area monumentale con il complesso monastico di San Salvatore-Santa Giulia,Brescia,10.226111111,45.539722222,017029,Wikidata (P757 identifiant Patrimoine mondial UNESCO) - source non officielle,https://query.wikidata.org/,2026-09-28,2026-09-28
http://www.wikidata.org/entity/Q55588235,063083,829-007,Villa di Lucius Crassius Tertius,Torre Annunziata,14.456277777,40.756277777,063083,Wikidata (P757 identifiant Patrimoine mondial UNESCO) - source non officielle,https://query.wikidata.org/,2026-09-28,2026-09-28
http://www.wikidata.org/entity/Q55588235,063083,829-007,Villa di Lucius Crassius Tertius,Torre Annunziata,14.4525,40.757222222,063083,Wikidata (P757 identifiant Patrimoine mondial UNESCO) - source non officielle,https://query.wikidata.org/,2026-09-28,2026-09-28
http://www.wikidata.org/entity/Q1585931,048011,175-009,Villa medicea di Cerreto Guidi,Cerreto Guidi,10.878987,43.75899,048011,Wikidata (P757 identifiant Patrimoine mondial UNESCO) - source non officielle,https://query.wikidata.org/,2026-09-28,2026-09-28
http://www.wikidata.org/entity/Q1585931,048011,175-009,Villa medicea di Cerreto Guidi,Cerreto Guidi,10.87916667,43.75861111,048011,Wikidata (P757 identifiant Patrimoine mondial UNESCO) - source non officielle,https://query.wikidata.org/,2026-09-28,2026-09-28
http://www.wikidata.org/entity/Q1585931,048011,175-009,Villa medicea di Cerreto Guidi,Cerreto Guidi,10.878967,43.759098,048011,Wikidata (P757 identifiant Patrimoine mondial UNESCO) - source non officielle,https://query.wikidata.org/,2026-09-28,2026-09-28
http://www.wikidata.org/entity/Q1644597,082053,1487-003,chiesa della Martorana,Palermo,13.362866,38.114781,082053,Wikidata (P757 identifiant Patrimoine mondial UNESCO) - source non officielle,https://query.wikidata.org/,2026-09-28,2026-09-28
http://www.wikidata.org/entity/Q1768461,058091,91-002b,Scala Santa,Roma,12.50694,41.88722,058091,Wikidata (P757 identifiant Patrimoine mondial UNESCO) - source non officielle,https://query.wikidata.org/,2026-09-28,2026-09-28
http://www.wikidata.org/entity/Q1787344,103028,1068-008,sacro monte Calvario di Domodossola,Domodossola,8.28694444,46.10555556,103028,Wikidata (P757 identifiant Patrimoine mondial UNESCO) - source non officielle,https://query.wikidata.org/,2026-09-28,2026-09-28
http://www.wikidata.org/entity/Q1787362,006159,1068-002,Sacro Monte di Crea,Serralunga di Crea,8.26972222,45.09472222,006159,Wikidata (P757 identifiant Patrimoine mondial UNESCO) - source non officielle,https://query.wikidata.org/,2026-09-28,2026-09-28
http://www.wikidata.org/entity/Q1787397,001287,1068-009,sacro monte di Belmonte,Valperga,7.63138889,45.36666667,001287,Wikidata (P757 identifiant Patrimoine mondial UNESCO) - source non officielle,https://query.wikidata.org/,2026-09-28,2026-09-28
http://www.wikidata.org/entity/Q1787480,003112,1068-003,Sacro Monte di Orta,Orta San Giulio,8.412237,45.797432,003112,Wikidata (P757 identifiant Patrimoine mondial UNESCO) - source non officielle,https://query.wikidata.org/,2026-09-28,2026-09-28
http://www.wikidata.org/entity/Q1808591,048002,175-001,Villa medicea di Cafaggiolo,Barberino di Mugello,11.295168,43.964717,048002,Wikidata (P757 identifiant Patrimoine mondial UNESCO) - source non officielle,https://query.wikidata.org/,2026-09-28,2026-09-28
http://www.wikidata.org/entity/Q1862652,048053,175-002,Villa medicea del Trebbio,Scarperia e San Piero,11.28666667,43.95305556,048053,Wikidata (P757 identifiant Patrimoine mondial UNESCO) - source non officielle,https://query.wikidata.org/,2026-09-28,2026-09-28
http://www.wikidata.org/entity/Q487174,089013,1024-005,Noto,libero consorzio comunale di Siracusa,15.083333333,36.883333333,089,Wikidata (P757 identifiant Patrimoine mondial UNESCO) - source non officielle,https://query.wikidata.org/,2026-09-28,2026-09-28
http://www.wikidata.org/entity/Q489260,089015,1024-006,Palazzolo Acreide,libero consorzio comunale di Siracusa,14.902777777,37.061666666,089,Wikidata (P757 identifiant Patrimoine mondial UNESCO) - source non officielle,https://query.wikidata.org/,2026-09-28,2026-09-28
http://www.wikidata.org/entity/Q499242,087014,1427,parco dell'Etna,città metropolitana di Catania,15.0,37.76527778,087,Wikidata (P757 identifiant Patrimoine mondial UNESCO) - source non officielle,https://query.wikidata.org/,2026-09-28,2026-09-28
http://www.wikidata.org/entity/Q18649472,087025,1024rev,città tardo barocche del Val di Noto,città metropolitana di Catania,14.791722222,37.275888888,087,Wikidata (P757 identifiant Patrimoine mondial UNESCO) - source non officielle,https://query.wikidata.org/,2026-09-28,2026-09-28
http://www.wikidata.org/entity/Q18649472,087025,1024rev,città tardo barocche del Val di Noto,libero consorzio comunale di Siracusa,14.791722222,37.275888888,089,Wikidata (P757 identifiant Patrimoine mondial UNESCO) - source non officielle,https://query.wikidata.org/,2026-09-28,2026-09-28
http://www.wikidata.org/entity/Q18649472,087025,1024rev,città tardo barocche del Val di Noto,Libero consorzio comunale di Ragusa,14.791722222,37.275888888,088,Wikidata (P757 identifiant Patrimoine mondial UNESCO) - source non officielle,https://query.wikidata.org/,2026-09-28,2026-09-28
http://www.wikidata.org/entity/Q18649472,089015,1024rev,città tardo barocche del Val di Noto,città metropolitana di Catania,14.903,37.062805555,287,Wikidata (P757 identifiant Patrimoine mondial UNESCO) - source non officielle,https://query.wikidata.org/,2026-09-28,2026-09-28
http://www.wikidata.org/entity/Q18649472,089015,1024rev,città tardo barocche del Val di Noto,città metropolitana di Catania,14.903,37.062805555,087,Wikidata (P757 identifiant Patrimoine mondial UNESCO) - source non officielle,https://query.wikidata.org/,2026-09-28,2026-09-28
http://www.wikidata.org/entity/Q18649472,089015,1024rev,città tardo barocche del Val di Noto,libero consorzio comunale di Siracusa,14.903,37.062805555,089,Wikidata (P757 identifiant Patrimoine mondial UNESCO) - source non officielle,https://query.wikidata.org/,2026-09-28,2026-09-28
http://www.wikidata.org/entity/Q18649472,089015,1024rev,città tardo barocche del Val di Noto,Libero consorzio comunale di Ragusa,14.903,37.062805555,088,Wikidata (P757 identifiant Patrimoine mondial UNESCO) - source non officielle,https://query.wikidata.org/,2026-09-28,2026-09-28
http://www.wikidata.org/entity/Q18649472,087011,1024rev,città tardo barocche del Val di Noto,città metropolitana di Catania,14.512222222,37.239722222,287,Wikidata (P757 identifiant Patrimoine mondial UNESCO) - source non officielle,https://query.wikidata.org/,2026-09-28,2026-09-28
http://www.wikidata.org/entity/Q18649472,087011,1024rev,città tardo barocche del Val di Noto,città metropolitana di Catania,14.512222222,37.239722222,087,Wikidata (P757 identifiant Patrimoine mondial UNESCO) - source non officielle,https://query.wikidata.org/,2026-09-28,2026-09-28
http://www.wikidata.org/entity/Q18649472,087011,1024rev,città tardo barocche del Val di Noto,libero consorzio comunale di Siracusa,14.512222222,37.239722222,089,Wikidata (P757 identifiant Patrimoine mondial UNESCO) - source non officielle,https://query.wikidata.org/,2026-09-28,2026-09-28
http://www.wikidata.org/entity/Q18649472,087011,1024rev,città tardo barocche del Val di Noto,Libero consorzio comunale di Ragusa,14.512222222,37.239722222,088,Wikidata (P757 identifiant Patrimoine mondial UNESCO) - source non officielle,https://query.wikidata.org/,2026-09-28,2026-09-28
http://www.wikidata.org/entity/Q18649472,088009,1024rev,città tardo barocche del Val di Noto,città metropolitana di Catania,14.733305555,36.925333333,287,Wikidata (P757 identifiant Patrimoine mondial UNESCO) - source non officielle,https://query.wikidata.org/,2026-09-28,2026-09-28
http://www.wikidata.org/entity/Q18649472,088009,1024rev,città tardo barocche del Val di Noto,città metropolitana di Catania,14.733305555,36.925333333,087,Wikidata (P757 identifiant Patrimoine mondial UNESCO) - source non officielle,https://query.wikidata.org/,2026-09-28,2026-09-28
http://www.wikidata.org/entity/Q18649472,088009,1024rev,città tardo barocche del Val di Noto,libero consorzio comunale di Siracusa,14.733305555,36.925333333,089,Wikidata (P757 identifiant Patrimoine mondial UNESCO) - source non officielle,https://query.wikidata.org/,2026-09-28,2026-09-28
http://www.wikidata.org/entity/Q18649472,088009,1024rev,città tardo barocche del Val di Noto,Libero consorzio comunale di Ragusa,14.733305555,36.925333333,088,Wikidata (P757 identifiant Patrimoine mondial UNESCO) - source non officielle,https://query.wikidata.org/,2026-09-28,2026-09-28
http://www.wikidata.org/entity/Q18649472,088006,1024rev,città tardo barocche del Val di Noto,città metropolitana di Catania,14.760722222,36.860305555,287,Wikidata (P757 identifiant Patrimoine mondial UNESCO) - source non officielle,https://query.wikidata.org/,2026-09-28,2026-09-28
http://www.wikidata.org/entity/Q18649472,088006,1024rev,città tardo barocche del Val di Noto,città metropolitana di Catania,14.760722222,36.860305555,087,Wikidata (P757 identifiant Patrimoine mondial UNESCO) - source non officielle,https://query.wikidata.org/,2026-09-28,2026-09-28
http://www.wikidata.org/entity/Q18649472,088006,1024rev,città tardo barocche del Val di Noto,libero consorzio comunale di Siracusa,14.760722222,36.860305555,089,Wikidata (P757 identifiant Patrimoine mondial UNESCO) - source non officielle,https://query.wikidata.org/,2026-09-28,2026-09-28
http://www.wikidata.org/entity/Q18649472,088006,1024rev,città tardo barocche del Val di Noto,Libero consorzio comunale di Ragusa,14.760722222,36.860305555,088,Wikidata (P757 identifiant Patrimoine mondial UNESCO) - source non officielle,https://query.wikidata.org/,2026-09-28,2026-09-28
http://www.wikidata.org/entity/Q18649472,088011,1024rev,città tardo barocche del Val di Noto,città metropolitana di Catania,14.705722222,36.792416666,287,Wikidata (P757 identifiant Patrimoine mondial UNESCO) - source non officielle,https://query.wikidata.org/,2026-09-28,2026-09-28
http://www.wikidata.org/entity/Q18649472,088011,1024rev,città tardo barocche del Val di Noto,città metropolitana di Catania,14.705722222,36.792416666,087,Wikidata (P757 identifiant Patrimoine mondial UNESCO) - source non officielle,https://query.wikidata.org/,2026-09-28,2026-09-28
http://www.wikidata.org/entity/Q18649472,088011,1024rev,città tardo barocche del Val di Noto,libero consorzio comunale di Siracusa,14.705722222,36.792416666,089,Wikidata (P757 identifiant Patrimoine mondial UNESCO) - source non officielle,https://query.wikidata.org/,2026-09-28,2026-09-28
http://www.wikidata.org/entity/Q18649472,088011,1024rev,città tardo barocche del Val di Noto,Libero consorzio comunale di Ragusa,14.705722222,36.792416666,088,Wikidata (P757 identifiant Patrimoine mondial UNESCO) - source non officielle,https://query.wikidata.org/,2026-09-28,2026-09-28
http://www.wikidata.org/entity/Q18712797,017035,94-003,Mappa di Bedolina,Capo di Ponte,10.341589,46.035164,017035,Wikidata (P757 identifiant Patrimoine mondial UNESCO) - source non officielle,https://query.wikidata.org/,2026-09-28,2026-09-28
http://www.wikidata.org/entity/Q20650127,058091,91-007,Palazzo Maffei Marescotti,Roma,12.4777,41.8967,058091,Wikidata (P757 identifiant Patrimoine mondial UNESCO) - source non officielle,https://query.wikidata.org/,2026-09-28,2026-09-28
http://www.wikidata.org/entity/Q20652595,058091,91-008,Palazzo dei Convertendi,Roma,12.460611,41.902694,058091,Wikidata (P757 identifiant Patrimoine mondial UNESCO) - source non officielle,https://query.wikidata.org/,2026-09-28,2026-09-28
http://www.wikidata.org/entity/Q20669448,058091,91-010,Palazzo San Pio X,Roma,12.46369,41.90285,058091,Wikidata (P757 identifiant Patrimoine mondial UNESCO) - source non officielle,https://query.wikidata.org/,2026-09-28,2026-09-28
http://www.wikidata.org/entity/Q20963672,082053,1487,Palermo arabo-normanna e le cattedrali di Cefalù e Monreale,provincia di Palermo,13.353055555,38.110833333,082,Wikidata (P757 identifiant Patrimoine mondial UNESCO) - source non officielle,https://query.wikidata.org/,2026-09-28,2026-09-28
http://www.wikidata.org/entity/Q21235292,020036,1363-098,Sito palafitticolo Fondo Tacoli,Monzambano,10.63735833,45.36886944,020036,Wikidata (P757 identifiant Patrimoine mondial UNESCO) - source non officielle,https://query.wikidata.org/,2026-09-28,2026-09-28
http://www.wikidata.org/entity/Q21235310,020018,1363-097,sito palafitticolo Bande di Cavriana,Cavriana,10.58711944,45.37059167,020018,Wikidata (P757 identifiant Patrimoine mondial UNESCO) - source non officielle,https://query.wikidata.org/,2026-09-28,2026-09-28
http://www.wikidata.org/entity/Q26258009,023059,1533-002,fortezza di Peschiera,Peschiera del Garda,10.6941,45.4409,023059,Wikidata (P757 identifiant Patrimoine mondial UNESCO) - source non officielle,https://query.wikidata.org/,2026-09-28,2026-09-28
http://www.wikidata.org/entity/Q29575881,023025,1363-108,Sito palafitticolo Tombola,Cerea,11.21125,45.179541666,023025,Wikidata (P757 identifiant Patrimoine mondial UNESCO) - source non officielle,https://query.wikidata.org/,2026-09-28,2026-09-28
http://www.wikidata.org/entity/Q29583783,022083,1363-105,sito archeologico di Fiavé,Fiavé,10.83185,45.990925,022083,Wikidata (P757 identifiant Patrimoine mondial UNESCO) - source non officielle,https://query.wikidata.org/,2026-09-28,2026-09-28
http://www.wikidata.org/entity/Q29583809,022229,1363-104,palafitte di Ledro,Ledro,10.765338888,45.874469444,022229,Wikidata (P757 identifiant Patrimoine mondial UNESCO) - source non officielle,https://query.wikidata.org/,2026-09-28,2026-09-28
http://www.wikidata.org/entity/Q29583901,023059,1363-106,Belvedere,Peschiera del Garda,10.6584,45.4563,023059,Wikidata (P757 identifiant Patrimoine mondial UNESCO) - source non officielle,https://query.wikidata.org/,2026-09-28,2026-09-28
http://www.wikidata.org/entity/Q29583905,012016,1363-100,Bodio centrale o delle Monete,Bodio Lomnago,8.7556,45.7964,012016,Wikidata (P757 identifiant Patrimoine mondial UNESCO) - source non officielle,https://query.wikidata.org/,2026-09-28,2026-09-28
http://www.wikidata.org/entity/Q29583920,012143,1363-101,Il Sabbione o settentrionale,Cadrezzate,8.6488,45.7996,012028,Wikidata (P757 identifiant Patrimoine mondial UNESCO) - source non officielle,https://query.wikidata.org/,2026-09-28,2026-09-28
http://www.wikidata.org/entity/Q29583950,017179,1363-094,Siti palafitticoli preistorici delle alpi - Lugana Vecchia,Sirmione,10.613888888,45.468055555,017179,Wikidata (P757 identifiant Patrimoine mondial UNESCO) - source non officielle,https://query.wikidata.org/,2026-09-28,2026-09-28
http://www.wikidata.org/entity/Q29583957,093009,1363-091,Sito palafitticolo di Palù di Livenza,Polcenigo,12.4811,46.0217,093031,Wikidata (P757 identifiant Patrimoine mondial UNESCO) - source non officielle,https://query.wikidata.org/,2026-09-28,2026-09-28
http://www.wikidata.org/entity/Q29583960,017102,1363-093,"San Sivino, Gabbiano",Manerba del Garda,10.5578,45.5355,017102,Wikidata (P757 identifiant Patrimoine mondial UNESCO) - source non officielle,https://query.wikidata.org/,2026-09-28,2026-09-28
http://www.wikidata.org/entity/Q34123,088011,1024-008,Scicli,provincia di Ragusa,14.702486111,36.791377777,088,Wikidata (P757 identifiant Patrimoine mondial UNESCO) - source non officielle,https://query.wikidata.org/,2026-09-28,2026-09-28
http://www.wikidata.org/entity/Q34123,088011,1024-008,Scicli,Libero consorzio comunale di Ragusa,14.702486111,36.791377777,088,Wikidata (P757 identifiant Patrimoine mondial UNESCO) - source non officielle,https://query.wikidata.org/,2026-09-28,2026-09-28
http://www.wikidata.org/entity/Q39054,050026,№395вспискеобъектоввсемирногонаследия(en),Torre di Pisa,Pisa,10.396624,43.72301,050026,Wikidata (P757 identifiant Patrimoine mondial UNESCO) - source non officielle,https://query.wikidata.org/,2026-09-28,2026-09-28
http://www.wikidata.org/entity/Q43014,020054,1287-002,Sabbioneta,provincia di Mantova,10.489722222,44.999166666,020,Wikidata (P757 identifiant Patrimoine mondial UNESCO) - source non officielle,https://query.wikidata.org/,2026-09-28,2026-09-28
http://www.wikidata.org/entity/Q574879,048046,175,ville medicee,,11.304166666,43.857777777,,Wikidata (P757 identifiant Patrimoine mondial UNESCO) - source non officielle,https://query.wikidata.org/,2026-09-28,2026-09-28
http://www.wikidata.org/entity/Q1214318,030026,1318,Longobardi in Italia: i luoghi del potere,,13.43305556,46.09416667,,Wikidata (P757 identifiant Patrimoine mondial UNESCO) - source non officielle,https://query.wikidata.org/,2026-09-28,2026-09-28
http://www.wikidata.org/entity/Q1238775,115007,1730,domus de janas,,8.951,40.085,,Wikidata (P757 identifiant Patrimoine mondial UNESCO) - source non officielle,https://query.wikidata.org/,2026-09-28,2026-09-28
http://www.wikidata.org/entity/Q16064866,,1613,Grandi città d'acqua d'Europa,,5.866944444,50.492222222,,Wikidata (P757 identifiant Patrimoine mondial UNESCO) - source non officielle,https://query.wikidata.org/,2026-09-28,2026-09-28
http://www.wikidata.org/entity/Q32797097,016024,1533,Opere di difesa veneziane tra XVI e XVII secolo: Stato de Terra-Stato de mar,,9.663611111,45.703333333,,Wikidata (P757 identifiant Patrimoine mondial UNESCO) - source non officielle,https://query.wikidata.org/,2026-09-28,2026-09-28
http://www.wikidata.org/entity/Q65017043,054001,990-002,basilica di Santa Maria degli Angeli e Palazzo dei Capitani del Perdono,,12.58028,43.05806,,Wikidata (P757 identifiant Patrimoine mondial UNESCO) - source non officielle,https://query.wikidata.org/,2026-09-28,2026-09-28
http://www.wikidata.org/entity/Q65028374,093014,1237rev-004,Dolomiti Friulane e d'Oltre Piave,,12.50361,46.34667,,Wikidata (P757 identifiant Patrimoine mondial UNESCO) - source non officielle,https://query.wikidata.org/,2026-09-28,2026-09-28
http://www.wikidata.org/entity/Q65028375,093014,1237rev-005,"Dolomiti Settentrionali Cadorine, Sett Sass",,12.50361,46.34667,,Wikidata (P757 identifiant Patrimoine mondial UNESCO) - source non officielle,https://query.wikidata.org/,2026-09-28,2026-09-28
http://www.wikidata.org/entity/Q65028377,021100,1237rev-007,Sciliar-Catinaccio,,11.60278,46.45444,,Wikidata (P757 identifiant Patrimoine mondial UNESCO) - source non officielle,https://query.wikidata.org/,2026-09-28,2026-09-28
http://www.wikidata.org/entity/Q127466372,,1762,Sistema dei teatri condominiali all'italiana del XVIII e XIX secolo nell'Italia centrale,,,,,Wikidata (P757 identifiant Patrimoine mondial UNESCO) - source non officielle,https://query.wikidata.org/,2026-09-28,2026-09-28
http://www.wikidata.org/entity/Q129503044,,1708,Via Appia. Regina Viarum,,,,,Wikidata (P757 identifiant Patrimoine mondial UNESCO) - source non officielle,https://query.wikidata.org/,2026-09-28,2026-09-28
http://www.wikidata.org/entity/Q4580,,1363,siti palafitticoli preistorici attorno alle Alpi,,9.120991545,47.674596574,,Wikidata (P757 identifiant Patrimoine mondial UNESCO) - source non officielle,https://query.wikidata.org/,2026-09-28,2026-09-28
http://www.wikidata.org/entity/Q28670361,019116,1363-096,Lagazzi del Vho,Piadena Drizzona,10.392975,45.10765,019116,Wikidata (P757 identifiant Patrimoine mondial UNESCO) - source non officielle,https://query.wikidata.org/,2026-09-28,2026-09-28
http://www.wikidata.org/entity/Q29583920,012143,1363-101,Il Sabbione o settentrionale,Cadrezzate con Osmate,8.6488,45.7996,012143,Wikidata (P757 identifiant Patrimoine mondial UNESCO) - source non officielle,https://query.wikidata.org/,2026-09-28,2026-09-28
http://www.wikidata.org/entity/Q55739617,077014,670,Sassi e parco delle chiese rupestri di Matera,Matera,16.610277777,40.666388888,077014,Wikidata (P757 identifiant Patrimoine mondial UNESCO) - source non officielle,https://query.wikidata.org/,2026-09-28,2026-09-28
http://www.wikidata.org/entity/Q55739617,077014,670,Sassi e parco delle chiese rupestri di Matera,Montescaglioso,16.610277777,40.666388888,077017,Wikidata (P757 identifiant Patrimoine mondial UNESCO) - source non officielle,https://query.wikidata.org/,2026-09-28,2026-09-28
http://www.wikidata.org/entity/Q56258744,037006,1650-006,Portico di San Luca,Bologna,11.329288,44.49057,037006,Wikidata (P757 identifiant Patrimoine mondial UNESCO) - source non officielle,https://query.wikidata.org/,2026-09-28,2026-09-28
http://www.wikidata.org/entity/Q56258744,037006,1650-006,Portico di San Luca,Bologna,11.3019,44.4854,037006,Wikidata (P757 identifiant Patrimoine mondial UNESCO) - source non officielle,https://query.wikidata.org/,2026-09-28,2026-09-28
http://www.wikidata.org/entity/Q56473964,058091,91-009,Palazzo delle Congregazioni ai Propilei,Roma,12.4591,41.90188,058091,Wikidata (P757 identifiant Patrimoine mondial UNESCO) - source non officielle,https://query.wikidata.org/,2026-09-28,2026-09-28
http://www.wikidata.org/entity/Q61867409,056041,1133ter-048,Faggete di Monte Raschio e Oriolo,provincia di Viterbo,12.1577,42.1715,056,Wikidata (P757 identifiant Patrimoine mondial UNESCO) - source non officielle,https://query.wikidata.org/,2026-09-28,2026-09-28
http://www.wikidata.org/entity/Q65007945,017065,94-001,Parco Comunale di Luine,Darfo Boario Terme,10.179444,45.888889,017065,Wikidata (P757 identifiant Patrimoine mondial UNESCO) - source non officielle,https://query.wikidata.org/,2026-09-28,2026-09-28
http://www.wikidata.org/entity/Q65007948,017035,94-002,Parco archeologico nazionale dei Massi di Cemmo,Capo di Ponte,10.3363291,46.0314518,017035,Wikidata (P757 identifiant Patrimoine mondial UNESCO) - source non officielle,https://query.wikidata.org/,2026-09-28,2026-09-28
http://www.wikidata.org/entity/Q65007954,017035,94-003,Parco archeologico comunale di Seradina-Bedolina,Capo di Ponte,10.341389,46.033333,017035,Wikidata (P757 identifiant Patrimoine mondial UNESCO) - source non officielle,https://query.wikidata.org/,2026-09-28,2026-09-28
http://www.wikidata.org/entity/Q65007959,017176,94-004,Parco Comunale di Sellero,Sellero,10.341389,46.057222,017176,Wikidata (P757 identifiant Patrimoine mondial UNESCO) - source non officielle,https://query.wikidata.org/,2026-09-28,2026-09-28
http://www.wikidata.org/entity/Q65007965,017181,94-005,Parco archeologico comunale di Sonico,Sonico,10.355556,46.168611,017181,Wikidata (P757 identifiant Patrimoine mondial UNESCO) - source non officielle,https://query.wikidata.org/,2026-09-28,2026-09-28
http://www.wikidata.org/entity/Q65007982,,94-006,"Val Camonica - Arte Rupestre - Parco Nazionale di Capo di Ponte Riserva Naturale di Ceto, Cimbergo e Paspardo",Sonico,,,017181,Wikidata (P757 identifiant Patrimoine mondial UNESCO) - source non officielle,https://query.wikidata.org/,2026-09-28,2026-09-28
http://www.wikidata.org/entity/Q65010252,063049,726-001,centre historique de Naples,Napoli,14.25,40.83331,063049,Wikidata (P757 identifiant Patrimoine mondial UNESCO) - source non officielle,https://query.wikidata.org/,2026-09-28,2026-09-28
http://www.wikidata.org/entity/Q65010442,063049,726-002,"District de Villa Manzo, Santa Maria della Consolazione",Napoli,14.20558,40.81802,063049,Wikidata (P757 identifiant Patrimoine mondial UNESCO) - source non officielle,https://query.wikidata.org/,2026-09-28,2026-09-28
http://www.wikidata.org/entity/Q65010552,063049,726-004,District de Casale et Santo Strato,Napoli,14.19208,40.80382,063049,Wikidata (P757 identifiant Patrimoine mondial UNESCO) - source non officielle,https://query.wikidata.org/,2026-09-28,2026-09-28
http://www.wikidata.org/entity/Q65011083,038022,733-002,Delizia della Diamantina,Vigarano Mainarda,11.509145,44.88498,038022,Wikidata (P757 identifiant Patrimoine mondial UNESCO) - source non officielle,https://query.wikidata.org/,2026-09-28,2026-09-28
http://www.wikidata.org/entity/Q65011735,072003,787-002,piazza XXVII Maggio,Alberobello,17.2373,40.784,072003,Wikidata (P757 identifiant Patrimoine mondial UNESCO) - source non officielle,https://query.wikidata.org/,2026-09-28,2026-09-28
http://www.wikidata.org/entity/Q65011754,072003,787-005,Quartiere Aja Piccola,Alberobello,17.2363,40.7817,072003,Wikidata (P757 identifiant Patrimoine mondial UNESCO) - source non officielle,https://query.wikidata.org/,2026-09-28,2026-09-28
http://www.wikidata.org/entity/Q65011756,072003,787-006,Quartiere Monti,Alberobello,17.236,40.7819,072003,Wikidata (P757 identifiant Patrimoine mondial UNESCO) - source non officielle,https://query.wikidata.org/,2026-09-28,2026-09-28
http://www.wikidata.org/entity/Q65015905,,826-001,Cinque Terre e Portovenere,provincia della Spezia,9.72917,44.10694,011,Wikidata (P757 identifiant Patrimoine mondial UNESCO) - source non officielle,https://query.wikidata.org/,2026-09-28,2026-09-28
http://www.wikidata.org/entity/Q65016468,065057,842,"Parc national du Cilento et du Vallo Diano, avec les sites archéologiques de Paestum et Velia et la Chartreuse de Padula",provincia di Salerno,15.26667,40.28333,065,Wikidata (P757 identifiant Patrimoine mondial UNESCO) - source non officielle,https://query.wikidata.org/,2026-09-28,2026-09-28
http://www.wikidata.org/entity/Q65016566,065133,842-001,"Paestum, Velia, la chartreuse de Padula, le mont Cervati et le Vallo di Diano",provincia di Salerno,15.48333,40.28333,065,Wikidata (P757 identifiant Patrimoine mondial UNESCO) - source non officielle,https://query.wikidata.org/,2026-09-28,2026-09-28
http://www.wikidata.org/entity/Q65016570,065119,842-003,"Capo Palinuro, Punta degli Infreschi and the Mount Bulgheria region",provincia di Salerno,15.43333,40.06667,065,Wikidata (P757 identifiant Patrimoine mondial UNESCO) - source non officielle,https://query.wikidata.org/,2026-09-28,2026-09-28
http://www.wikidata.org/entity/Q65016568,065031,842-002,Punta Licosa and the Mount Stella region,provincia di Salerno,14.9275,40.24806,065,Wikidata (P757 identifiant Patrimoine mondial UNESCO) - source non officielle,https://query.wikidata.org/,2026-09-28,2026-09-28
http://www.wikidata.org/entity/Q65017042,054001,990-001,"Ville d'Assise, San Damiano, Eremo delle Carceri, Santuario di Rivotorto et paysage historique",Assisi,12.61472,43.07111,054001,Wikidata (P757 identifiant Patrimoine mondial UNESCO) - source non officielle,https://query.wikidata.org/,2026-09-28,2026-09-28
http://www.wikidata.org/entity/Q65028264,066050,1133ter-041,Selva Moricento - Foreste di faggi antiche e primarie,provincia dell'Aquila,13.70556,41.84694,066,Wikidata (P757 identifiant Patrimoine mondial UNESCO) - source non officielle,https://query.wikidata.org/,2026-09-28,2026-09-28
http://www.wikidata.org/entity/Q65028275,066093,1133ter-042,faggeta di Coppo del Morto,Abruzzo,13.84667,41.86028,13,Wikidata (P757 identifiant Patrimoine mondial UNESCO) - source non officielle,https://query.wikidata.org/,2026-09-28,2026-09-28
http://www.wikidata.org/entity/Q65028278,078083,1133ter-045,Cozzo Ferriero - Foreste di faggi antiche e primarie,Basilicata,16.10111,39.90583,17,Wikidata (P757 identifiant Patrimoine mondial UNESCO) - source non officielle,https://query.wikidata.org/,2026-09-28,2026-09-28
http://www.wikidata.org/entity/Q65028278,078083,1133ter-045,Cozzo Ferriero - Foreste di faggi antiche e primarie,Calabria,16.10111,39.90583,18,Wikidata (P757 identifiant Patrimoine mondial UNESCO) - source non officielle,https://query.wikidata.org/,2026-09-28,2026-09-28
http://www.wikidata.org/entity/Q65028276,066068,1133ter-043,faggeta di Coppo del Principe,Pescasseroli,13.74417,41.7875,066068,Wikidata (P757 identifiant Patrimoine mondial UNESCO) - source non officielle,https://query.wikidata.org/,2026-09-28,2026-09-28
http://www.wikidata.org/entity/Q65028277,066061,1133ter-044,val Fondillo - Foreste di faggi antiche e primarie,Opi,13.88583,41.75417,066061,Wikidata (P757 identifiant Patrimoine mondial UNESCO) - source non officielle,https://query.wikidata.org/,2026-09-28,2026-09-28
http://www.wikidata.org/entity/Q65028310,089017,1200-002,"Epipolae, Achradina, Tyche et Neapolis, château d'Euryale, fortifications dionysiennes et la zone de la Scala Greca",Siracusa,15.225,37.09583,089017,Wikidata (P757 identifiant Patrimoine mondial UNESCO) - source non officielle,https://query.wikidata.org/,2026-09-28,2026-09-28
http://www.wikidata.org/entity/Q65028346,025016,1237rev,Dolomiti,Trentino-Alto Adige,12.16306,46.61306,04,Wikidata (P757 identifiant Patrimoine mondial UNESCO) - source non officielle,https://query.wikidata.org/,2026-09-28,2026-09-28
http://www.wikidata.org/entity/Q65028346,025016,1237rev,Dolomiti,Veneto,12.16306,46.61306,05,Wikidata (P757 identifiant Patrimoine mondial UNESCO) - source non officielle,https://query.wikidata.org/,2026-09-28,2026-09-28
http://www.wikidata.org/entity/Q65028370,025054,1237rev-001,Pelmo - Croda da lago - Dolomiti,Veneto,12.11361,46.44778,05,Wikidata (P757 identifiant Patrimoine mondial UNESCO) - source non officielle,https://query.wikidata.org/,2026-09-28,2026-09-28
http://www.wikidata.org/entity/Q65028373,025067,1237rev-003,Pale di San Martino San Lucano – Dolomiti Bellunesi – Vette Feltrine,Veneto,11.99417,46.2475,05,Wikidata (P757 identifiant Patrimoine mondial UNESCO) - source non officielle,https://query.wikidata.org/,2026-09-28,2026-09-28
http://www.wikidata.org/entity/Q65028376,021082,1237rev-006,Puez-Odle / Puez-Geisler / Pöz-Odles,Trentino-Alto Adige,11.80667,46.60361,04,Wikidata (P757 identifiant Patrimoine mondial UNESCO) - source non officielle,https://query.wikidata.org/,2026-09-28,2026-09-28
http://www.wikidata.org/entity/Q65028465,030026,1318-001,La zone de Gastaldaga et le complexe épiscopal,Cividale del Friuli,13.43306,46.09417,030026,Wikidata (P757 identifiant Patrimoine mondial UNESCO) - source non officielle,https://query.wikidata.org/,2026-09-28,2026-09-28
http://www.wikidata.org/entity/Q65028547,082053,1487-001,Palazzo Reala e Cappella Palatina,Palermo,13.35306,38.11083,082053,Wikidata (P757 identifiant Patrimoine mondial UNESCO) - source non officielle,https://query.wikidata.org/,2026-09-28,2026-09-28
http://www.wikidata.org/entity/Q65029145,026084,1571rev,Colline del Prosecco di Conegliano e Valdobbiadene,provincia di Treviso,12.2261,45.953,026,Wikidata (P757 identifiant Patrimoine mondial UNESCO) - source non officielle,https://query.wikidata.org/,2026-09-28,2026-09-28
http://www.wikidata.org/entity/Q97011004,056041,1133ter-048,Faggeta vetusta depressa di Monte Raschio,Oriolo Romano,12.1604,42.1738,056041,Wikidata (P757 identifiant Patrimoine mondial UNESCO) - source non officielle,https://query.wikidata.org/,2026-09-28,2026-09-28
http://www.wikidata.org/entity/Q107674350,028060,1623,Cicli di affreschi del XIV secolo di Padova,Padova,11.879611111,45.411888888,028060,Wikidata (P757 identifiant Patrimoine mondial UNESCO) - source non officielle,https://query.wikidata.org/,2026-09-28,2026-09-28
http://www.wikidata.org/entity/Q108040840,037006,1650-003,portico di via Galliera,Bologna,11.3417,44.4972,037006,Wikidata (P757 identifiant Patrimoine mondial UNESCO) - source non officielle,https://query.wikidata.org/,2026-09-28,2026-09-28
http://www.wikidata.org/entity/Q108040841,037006,1650-004,portico del Baraccano,Bologna,11.3547,44.4856,037006,Wikidata (P757 identifiant Patrimoine mondial UNESCO) - source non officielle,https://query.wikidata.org/,2026-09-28,2026-09-28
http://www.wikidata.org/entity/Q108040846,037006,1650-008,portico della Certosa,Bologna,11.3105,44.4956,037006,Wikidata (P757 identifiant Patrimoine mondial UNESCO) - source non officielle,https://query.wikidata.org/,2026-09-28,2026-09-28
http://www.wikidata.org/entity/Q108040845,037006,1650-007,portici di via Zamboni,Bologna,11.3514,44.4967,037006,Wikidata (P757 identifiant Patrimoine mondial UNESCO) - source non officielle,https://query.wikidata.org/,2026-09-28,2026-09-28
http://www.wikidata.org/entity/Q108040854,037006,1650-012,edificio porticato del MAMbo,Bologna,11.2847,44.4953,037006,Wikidata (P757 identifiant Patrimoine mondial UNESCO) - source non officielle,https://query.wikidata.org/,2026-09-28,2026-09-28
http://www.wikidata.org/entity/Q108040852,037006,1650-010,portici di strada Maggiore,Bologna,11.3557,44.4906,037006,Wikidata (P757 identifiant Patrimoine mondial UNESCO) - source non officielle,https://query.wikidata.org/,2026-09-28,2026-09-28
http://www.wikidata.org/entity/Q108040853,037006,1650-011,edificio porticato del quartiere Barca,Bologna,11.3367,44.5025,037006,Wikidata (P757 identifiant Patrimoine mondial UNESCO) - source non officielle,https://query.wikidata.org/,2026-09-28,2026-09-28
http://www.wikidata.org/entity/Q109123298,001125,1538,"Ivrea, città industriale del XX secolo",Ivrea,7.8692,45.4575,001125,Wikidata (P757 identifiant Patrimoine mondial UNESCO) - source non officielle,https://query.wikidata.org/,2026-09-28,2026-09-28
http://www.wikidata.org/entity/Q122730699,035045,1692,Carsismo e grotte evaporitiche dell'Appennino settentrionale,provincia di Ravenna,10.388916666,44.379944444,039,Wikidata (P757 identifiant Patrimoine mondial UNESCO) - source non officielle,https://query.wikidata.org/,2026-09-28,2026-09-28
http://www.wikidata.org/entity/Q122730699,035045,1692,Carsismo e grotte evaporitiche dell'Appennino settentrionale,provincia di Reggio Emilia,10.388916666,44.379944444,035,Wikidata (P757 identifiant Patrimoine mondial UNESCO) - source non officielle,https://query.wikidata.org/,2026-09-28,2026-09-28
http://www.wikidata.org/entity/Q122730699,035045,1692,Carsismo e grotte evaporitiche dell'Appennino settentrionale,provincia di Rimini,10.388916666,44.379944444,099,Wikidata (P757 identifiant Patrimoine mondial UNESCO) - source non officielle,https://query.wikidata.org/,2026-09-28,2026-09-28
http://www.wikidata.org/entity/Q122730699,035045,1692,Carsismo e grotte evaporitiche dell'Appennino settentrionale,città metropolitana di Bologna,10.388916666,44.379944444,237,Wikidata (P757 identifiant Patrimoine mondial UNESCO) - source non officielle,https://query.wikidata.org/,2026-09-28,2026-09-28
http://www.wikidata.org/entity/Q122730699,035045,1692,Carsismo e grotte evaporitiche dell'Appennino settentrionale,città metropolitana di Bologna,10.388916666,44.379944444,037,Wikidata (P757 identifiant Patrimoine mondial UNESCO) - source non officielle,https://query.wikidata.org/,2026-09-28,2026-09-28
http://www.wikidata.org/entity/Q131303403,,1133quinquies-040,faggeta vetusta del Monte Cimino,Soriano nel Cimino,,,056048,Wikidata (P757 identifiant Patrimoine mondial UNESCO) - source non officielle,https://query.wikidata.org/,2026-09-28,2026-09-28
http://www.wikidata.org/entity/Q135297551,112040,1730-014,Shelter of Luzzanas,Sardegna,8.8903478,40.6495344,20,Wikidata (P757 identifiant Patrimoine mondial UNESCO) - source non officielle,https://query.wikidata.org/,2026-09-28,2026-09-28
http://www.wikidata.org/entity/Q135297551,112040,1730-014,Shelter of Luzzanas,Ozieri,8.8903478,40.6495344,090052,Wikidata (P757 identifiant Patrimoine mondial UNESCO) - source non officielle,https://query.wikidata.org/,2026-09-28,2026-09-28
http://www.wikidata.org/entity/Q641,027042,394,Venezia,città metropolitana di Venezia,12.331944444,45.439722222,227,Wikidata (P757 identifiant Patrimoine mondial UNESCO) - source non officielle,https://query.wikidata.org/,2026-09-28,2026-09-28
http://www.wikidata.org/entity/Q641,027042,394,Venezia,città metropolitana di Venezia,12.331944444,45.439722222,027,Wikidata (P757 identifiant Patrimoine mondial UNESCO) - source non officielle,https://query.wikidata.org/,2026-09-28,2026-09-28
http://www.wikidata.org/entity/Q1903,087015,1024-002,Catania,città metropolitana di Catania,15.087269444,37.502669444,287,Wikidata (P757 identifiant Patrimoine mondial UNESCO) - source non officielle,https://query.wikidata.org/,2026-09-28,2026-09-28
http://www.wikidata.org/entity/Q1903,087015,1024-002,Catania,città metropolitana di Catania,15.087269444,37.502669444,087,Wikidata (P757 identifiant Patrimoine mondial UNESCO) - source non officielle,https://query.wikidata.org/,2026-09-28,2026-09-28
http://www.wikidata.org/entity/Q2028,023091,797,Verona,provincia di Verona,10.992777777,45.438611111,023,Wikidata (P757 identifiant Patrimoine mondial UNESCO) - source non officielle,https://query.wikidata.org/,2026-09-28,2026-09-28
http://www.wikidata.org/entity/Q6247,020030,1287-001,Mantova,provincia di Mantova,10.791111111,45.156388888,020,Wikidata (P757 identifiant Patrimoine mondial UNESCO) - source non officielle,https://query.wikidata.org/,2026-09-28,2026-09-28
http://www.wikidata.org/entity/Q6247,020030,1287-001,Mantova,Ducato di Milano,10.791111111,45.156388888,,Wikidata (P757 identifiant Patrimoine mondial UNESCO) - source non officielle,https://query.wikidata.org/,2026-09-28,2026-09-28
http://www.wikidata.org/entity/Q6247,020030,1287-001,Mantova,Ducato di Mantova,10.791111111,45.156388888,,Wikidata (P757 identifiant Patrimoine mondial UNESCO) - source non officielle,https://query.wikidata.org/,2026-09-28,2026-09-28
http://www.wikidata.org/entity/Q6247,020030,1287-001,Mantova,dipartimento del Mincio,10.791111111,45.156388888,,Wikidata (P757 identifiant Patrimoine mondial UNESCO) - source non officielle,https://query.wikidata.org/,2026-09-28,2026-09-28
http://www.wikidata.org/entity/Q6247,020030,1287-001,Mantova,Marchesato di Mantova,10.791111111,45.156388888,,Wikidata (P757 identifiant Patrimoine mondial UNESCO) - source non officielle,https://query.wikidata.org/,2026-09-28,2026-09-28
http://www.wikidata.org/entity/Q6247,020030,1287-001,Mantova,provincia di Mantova,10.791111111,45.156388888,,Wikidata (P757 identifiant Patrimoine mondial UNESCO) - source non officielle,https://query.wikidata.org/,2026-09-28,2026-09-28
http://www.wikidata.org/entity/Q6247,020030,1287-001,Mantova,provincia di Mantova,10.791111111,45.156388888,,Wikidata (P757 identifiant Patrimoine mondial UNESCO) - source non officielle,https://query.wikidata.org/,2026-09-28,2026-09-28
http://www.wikidata.org/entity/Q6247,020030,1287-001,Mantova,Stato del Mantovano,10.791111111,45.156388888,,Wikidata (P757 identifiant Patrimoine mondial UNESCO) - source non officielle,https://query.wikidata.org/,2026-09-28,2026-09-28
http://www.wikidata.org/entity/Q13362,038008,733bis-001,Ferrara,provincia di Ferrara,11.6175,44.839166666,038,Wikidata (P757 identifiant Patrimoine mondial UNESCO) - source non officielle,https://query.wikidata.org/,2026-09-28,2026-09-28
http://www.wikidata.org/entity/Q13674,088009,1024-007,Ragusa,Libero consorzio comunale di Ragusa,14.730555555,36.925,088,Wikidata (P757 identifiant Patrimoine mondial UNESCO) - source non officielle,https://query.wikidata.org/,2026-09-28,2026-09-28
http://www.wikidata.org/entity/Q17768,005017,1390rev-005,Canelli,provincia di Asti,8.29282,44.72084,005,Wikidata (P757 identifiant Patrimoine mondial UNESCO) - source non officielle,https://query.wikidata.org/,2026-09-28,2026-09-28
http://www.wikidata.org/entity/Q17839,005080,1390rev-004,Nizza Monferrato,provincia di Asti,8.355,44.774722222,005,Wikidata (P757 identifiant Patrimoine mondial UNESCO) - source non officielle,https://query.wikidata.org/,2026-09-28,2026-09-28
http://www.wikidata.org/entity/Q18353,004011,1390rev-003,Barbaresco,provincia di Cuneo,8.083333333,44.716666666,004,Wikidata (P757 identifiant Patrimoine mondial UNESCO) - source non officielle,https://query.wikidata.org/,2026-09-28,2026-09-28
http://www.wikidata.org/entity/Q19826,001272,823-001B,Palazzo Madama e Casaforte degli Acaja,Torino,7.68577778,45.07094444,001272,Wikidata (P757 identifiant Patrimoine mondial UNESCO) - source non officielle,https://query.wikidata.org/,2026-09-28,2026-09-28
http://www.wikidata.org/entity/Q19824,001272,823-001A,Palazzo Reale di Torino,Torino,7.686333,45.07283,001272,Wikidata (P757 identifiant Patrimoine mondial UNESCO) - source non officielle,https://query.wikidata.org/,2026-09-28,2026-09-28
http://www.wikidata.org/entity/Q19830,001272,823bis-002,castello del Valentino,Torino,7.6868677,45.05403,001272,Wikidata (P757 identifiant Patrimoine mondial UNESCO) - source non officielle,https://query.wikidata.org/,2026-09-28,2026-09-28
http://www.wikidata.org/entity/Q19830,001272,823bis-002,castello del Valentino,Torino,7.684821,45.05379,001272,Wikidata (P757 identifiant Patrimoine mondial UNESCO) - source non officielle,https://query.wikidata.org/,2026-09-28,2026-09-28
http://www.wikidata.org/entity/Q19829,001272,823-001C,Palazzo Carignano,Torino,7.685588,45.069008,001272,Wikidata (P757 identifiant Patrimoine mondial UNESCO) - source non officielle,https://query.wikidata.org/,2026-09-28,2026-09-28
http://www.wikidata.org/entity/Q19834,001164,823-006,Palazzina di Caccia di Stupinigi,Nichelino,7.603889,44.995,001164,Wikidata (P757 identifiant Patrimoine mondial UNESCO) - source non officielle,https://query.wikidata.org/,2026-09-28,2026-09-28
http://www.wikidata.org/entity/Q19833,001272,823bis-003,Villa della Regina,Torino,7.707995,45.058037,001272,Wikidata (P757 identifiant Patrimoine mondial UNESCO) - source non officielle,https://query.wikidata.org/,2026-09-28,2026-09-28
http://www.wikidata.org/entity/Q19838,001292,823bis-007,Reggia di Venaria Reale,Venaria Reale,7.623519,45.135834,001292,Wikidata (P757 identifiant Patrimoine mondial UNESCO) - source non officielle,https://query.wikidata.org/,2026-09-28,2026-09-28
http://www.wikidata.org/entity/Q19840,001292,823-008,Castello della Mandria,Venaria Reale,7.5998,45.14638,001292,Wikidata (P757 identifiant Patrimoine mondial UNESCO) - source non officielle,https://query.wikidata.org/,2026-09-28,2026-09-28
http://www.wikidata.org/entity/Q19846,001001,823bis-009,Castello Ducale di Agliè,Agliè,7.769561025,45.361455472,001001,Wikidata (P757 identifiant Patrimoine mondial UNESCO) - source non officielle,https://query.wikidata.org/,2026-09-28,2026-09-28
http://www.wikidata.org/entity/Q19844,001219,823bis-005,castello di Rivoli,Rivoli,7.51025,45.070028,001219,Wikidata (P757 identifiant Patrimoine mondial UNESCO) - source non officielle,https://query.wikidata.org/,2026-09-28,2026-09-28
http://www.wikidata.org/entity/Q19850,001156,823bis-004,castello di Moncalieri,Moncalieri,7.687225,45.002167,001156,Wikidata (P757 identifiant Patrimoine mondial UNESCO) - source non officielle,https://query.wikidata.org/,2026-09-28,2026-09-28
http://www.wikidata.org/entity/Q19851,004179,823bis-010,Castello Reale di Racconigi,Racconigi,7.67597222,44.76938889,004179,Wikidata (P757 identifiant Patrimoine mondial UNESCO) - source non officielle,https://query.wikidata.org/,2026-09-28,2026-09-28
http://www.wikidata.org/entity/Q19851,004179,823bis-010,Castello Reale di Racconigi,Racconigi,7.675731,44.76891,004179,Wikidata (P757 identifiant Patrimoine mondial UNESCO) - source non officielle,https://query.wikidata.org/,2026-09-28,2026-09-28
http://www.wikidata.org/entity/Q19854,004029,823bis-012,castello di Pollenzo,Bra,7.895684,44.681651,004029,Wikidata (P757 identifiant Patrimoine mondial UNESCO) - source non officielle,https://query.wikidata.org/,2026-09-28,2026-09-28
http://www.wikidata.org/entity/Q19856,004099,823bis-011,castello di Govone,Govone,8.10005,44.8049,004099,Wikidata (P757 identifiant Patrimoine mondial UNESCO) - source non officielle,https://query.wikidata.org/,2026-09-28,2026-09-28
http://www.wikidata.org/entity/Q19865,004132,1390rev-001,Langhe,provincia di Cuneo,7.96361,44.6086,004,Wikidata (P757 identifiant Patrimoine mondial UNESCO) - source non officielle,https://query.wikidata.org/,2026-09-28,2026-09-28
http://www.wikidata.org/entity/Q19865,004132,1390rev-001,Langhe,provincia di Asti,7.96361,44.6086,005,Wikidata (P757 identifiant Patrimoine mondial UNESCO) - source non officielle,https://query.wikidata.org/,2026-09-28,2026-09-28
http://www.wikidata.org/entity/Q19868,004132,1390rev-006,Monferrato,provincia di Alessandria,7.963611111,44.608611111,006,Wikidata (P757 identifiant Patrimoine mondial UNESCO) - source non officielle,https://query.wikidata.org/,2026-09-28,2026-09-28
http://www.wikidata.org/entity/Q19868,004132,1390rev-006,Monferrato,provincia di Asti,7.963611111,44.608611111,005,Wikidata (P757 identifiant Patrimoine mondial UNESCO) - source non officielle,https://query.wikidata.org/,2026-09-28,2026-09-28
http://www.wikidata.org/entity/Q34102,088006,1024-004,Modica,provincia di Ragusa,14.761388888,36.867222222,088,Wikidata (P757 identifiant Patrimoine mondial UNESCO) - source non officielle,https://query.wikidata.org/,2026-09-28,2026-09-28
http://www.wikidata.org/entity/Q34102,088006,1024-004,Modica,Libero consorzio comunale di Ragusa,14.761388888,36.867222222,088,Wikidata (P757 identifiant Patrimoine mondial UNESCO) - source non officielle,https://query.wikidata.org/,2026-09-28,2026-09-28
